customer_id,first_name,last_name,email,country,signup_date
1,Astrid,Fuchs,astrid.fuchs@example.net,Sweden,2024-05-29
2,Astrid,Sánchez,astrid.sanchez@example.org,Germany,2023-01-08
3,Hannah,Fuchs,hannah.fuchs@example.com,Sweden,2026-02-03
4,Elena,Schmidt,elena.schmidt@example.com,France,2023-11-02
5,Andreas,Jensen,andreas.jensen@example.net,Netherlands,2025-05-30
6,Gabriel,Lefebvre,gabriel.lefebvre@example.com,Italy,2024-03-06
7,Signe,Wolf,signe.wolf@example.org,Denmark,2025-04-12
8,Ben,Mayer,ben.mayer@example.com,Netherlands,2025-04-24
9,Nina,Martínez,nina.martinez@example.net,Belgium,2024-06-30
10,Niklas,Laurent,niklas.laurent@example.com,Sweden,2024-03-31
11,Anouk,Mulder,anouk.mulder@example.org,Belgium,2024-04-01
12,Amelie,Garcia,amelie.garcia@example.org,Spain,2023-05-23
13,Erik,Kamiński,erik.kaminski@example.org,Denmark,2024-11-09
14,Hugo,Werner,hugo.werner@example.net,Spain,2023-03-20
15,Daan,Mulder,daan.mulder@example.net,Italy,2025-06-12
16,Emma,Simon,emma.simon@example.net,Belgium,2024-06-05
17,Daan,Müller,daan.mueller@example.net,Denmark,2024-02-08
18,Julia,Meijer,julia.meijer@example.net,Italy,2023-09-13
19,Alice,Wójcik,alice.wojcik@example.org,Austria,2024-10-30
20,Jules,Nilsson,jules.nilsson@example.com,Belgium,2025-05-11
21,Lea,Larsen,lea.larsen@example.org,Austria,2026-01-27
22,Manon,Köhler,manon.koehler@example.org,Poland,2026-05-27
23,Ruben,Russo,ruben.russo@example.org,Belgium,2025-11-12
24,Finn,Koch,finn.koch@example.org,Denmark,2024-11-17
25,Chiara,Bakker,chiara.bakker@example.com,Belgium,2023-10-29
26,Luca,Romano,luca.romano@example.net,France,2025-07-21
27,Marek,Hansen,marek.hansen@example.com,Austria,2025-10-09
28,Mia,Müller,mia.mueller@example.com,Austria,2024-03-24
29,Margaux,Bianchi,margaux.bianchi@example.com,Denmark,2024-05-25
30,Leon,Bianchi,leon.bianchi@example.net,Denmark,2026-02-18
31,Lotte,Wójcik,lotte.wojcik@example.org,Denmark,2025-07-02
32,Elise,Ferrari,elise.ferrari@example.org,Belgium,2024-07-21
33,Marek,Mayer,marek.mayer@example.org,Sweden,2023-06-08
34,Chiara,Peters,chiara.peters@example.org,Italy,2026-01-11
35,Ben,König,ben.koenig@example.org,Netherlands,2024-03-14
36,Sanne,Meijer,sanne.meijer@example.net,Sweden,2025-05-01
37,Bram,Simon,bram.simon@example.net,Germany,2026-03-25
38,Lukas,Dubois,lukas.dubois@example.org,Austria,2025-05-08
39,Lucía,Walter,lucia.walter@example.org,Belgium,2024-07-12
40,Maximilian,Simon,maximilian.simon@example.org,Austria,2023-12-05
41,Hannah,Johansson,hannah.johansson@example.com,Austria,2026-04-27
42,Maximilian,Koch,maximilian.koch@example.net,Austria,2023-10-05
43,Laura,Fuchs,laura.fuchs@example.org,Italy,2024-03-09
44,Peter,Laurent,peter.laurent@example.org,Austria,2024-05-31
45,Sophie,Karlsson,sophie.karlsson@example.com,Italy,2024-04-04
46,Freja,Meyer,freja.meyer@example.com,Belgium,2024-02-13
47,Ben,Mayer,ben.mayer1@example.com,Sweden,2023-08-23
48,Ruben,Kaiser,ruben.kaiser@example.org,Netherlands,2026-05-25
49,Emma,Lange,emma.lange@example.org,France,2026-03-31
50,Gabriel,Hansen,gabriel.hansen@example.net,Austria,2025-03-23
51,Tim,Nielsen,tim.nielsen@example.net,Belgium,2023-07-28
52,Alice,Pedersen,alice.pedersen@example.com,Poland,2023-03-26
53,Femke,Moreau,femke.moreau@example.com,Denmark,2024-11-29
54,Bram,Kowalski,bram.kowalski@example.com,Austria,2025-01-11
55,Anouk,Hartmann,anouk.hartmann@example.org,Netherlands,2025-12-04
56,Piotr,Johansson,piotr.johansson@example.org,Sweden,2025-06-11
57,Camille,Smit,camille.smit@example.com,France,2024-07-25
58,Ruben,Larsen,ruben.larsen@example.net,Austria,2024-11-19
59,Thomas,Krause,thomas.krause@example.org,Belgium,2024-12-27
60,Louis,Pedersen,louis.pedersen@example.net,Spain,2026-02-12
61,Amelie,Koch,amelie.koch@example.com,Austria,2025-09-27
62,Chiara,Romano,chiara.romano@example.net,Sweden,2025-07-06
63,Jules,Walter,jules.walter@example.org,Belgium,2024-09-19
64,Andreas,Romano,andreas.romano@example.net,Denmark,2024-12-05
65,Javier,Meijer,javier.meijer@example.org,Sweden,2024-07-08
66,Matteo,Neumann,matteo.neumann@example.net,Belgium,2024-10-08
67,Pablo,Krause,pablo.krause@example.com,Belgium,2025-09-18
68,Lorenzo,Andersson,lorenzo.andersson@example.net,Spain,2023-07-25
69,Matteo,Lefebvre,matteo.lefebvre@example.com,Spain,2023-01-29
70,Hannah,Lang,hannah.lang@example.com,Germany,2026-02-07
71,Hannah,Kowalski,hannah.kowalski@example.com,Germany,2026-03-21
72,Mathieu,Russo,mathieu.russo@example.org,Netherlands,2023-04-16
73,Mathieu,Schröder,mathieu.schroeder@example.com,Austria,2025-10-04
74,Marek,Wagner,marek.wagner@example.com,Netherlands,2026-02-26
75,Luca,Neumann,luca.neumann@example.net,Austria,2026-05-26
76,Agnieszka,Walter,agnieszka.walter@example.net,Austria,2025-07-11
77,Lorenzo,Sánchez,lorenzo.sanchez@example.org,Poland,2023-05-04
78,Sarah,Köhler,sarah.koehler@example.net,Belgium,2024-06-25
79,Clara,Mayer,clara.mayer@example.com,Denmark,2023-06-03
80,Sanne,Ferrari,sanne.ferrari@example.net,Poland,2025-08-20
81,Matteo,Jansen,matteo.jansen@example.net,Spain,2025-07-18
82,Matteo,Fuchs,matteo.fuchs@example.net,Poland,2024-02-10
83,Lucía,Walter,lucia.walter@example.net,Netherlands,2024-06-28
84,Felix,Schmitt,felix.schmitt@example.org,Poland,2026-03-11
85,Paul,Bianchi,paul.bianchi@example.net,Spain,2025-04-04
86,Lucía,Wiśniewski,lucia.wisniewski@example.org,France,2026-05-09
87,Daan,Smit,daan.smit@example.net,Spain,2023-02-22
88,Marco,Nielsen,marco.nielsen@example.com,Spain,2026-03-26
89,Lea,Romano,lea.romano@example.net,Sweden,2024-07-23
90,Daan,Kowalski,daan.kowalski@example.com,Sweden,2024-12-13
91,Thomas,Wolf,thomas.wolf@example.com,Italy,2025-04-23
92,Manon,Garcia,manon.garcia@example.net,Germany,2025-07-20
93,Sofia,Smit,sofia.smit@example.com,Austria,2025-11-19
94,Lucía,Bianchi,lucia.bianchi@example.org,Germany,2024-01-20
95,Agnieszka,Wiśniewski,agnieszka.wisniewski@example.net,Sweden,2023-04-16
96,Javier,Braun,javier.braun@example.org,Sweden,2025-09-19
97,Marek,Mayer,marek.mayer@example.net,Netherlands,2024-09-28
98,Javier,Martínez,javier.martinez@example.com,Belgium,2023-08-21
99,Erik,Hartmann,erik.hartmann@example.org,Spain,2025-11-08
100,Bram,Nowak,bram.nowak@example.org,Belgium,2025-07-24
101,Wolfgang,Meier,wolfgang.meier@example.net,Denmark,2023-10-07
102,Bram,de Boer,bram.deboer@example.net,Spain,2023-01-06
103,Alice,Nielsen,alice.nielsen@example.net,Sweden,2023-11-01
104,Mathieu,Mulder,mathieu.mulder@example.org,Denmark,2026-01-17
105,Thomas,Meier,thomas.meier@example.net,Belgium,2026-03-17
106,Sanne,Meyer,sanne.meyer@example.org,Sweden,2025-02-19
107,Freja,Hartmann,freja.hartmann@example.org,Germany,2023-09-16
108,Nina,Klein,nina.klein@example.org,France,2025-12-13
109,Mia,Martínez,mia.martinez@example.net,Netherlands,2023-06-03
110,Hugo,de Boer,hugo.deboer@example.net,Austria,2023-06-14
111,Pablo,Laurent,pablo.laurent@example.org,Sweden,2026-01-13
112,Julia,Mayer,julia.mayer@example.net,Spain,2024-04-10
113,Daan,Klein,daan.klein@example.net,France,2025-06-27
114,Alice,Fischer,alice.fischer@example.com,Italy,2023-04-25
115,Andreas,Rossi,andreas.rossi@example.com,Belgium,2025-12-23
116,Elias,Schmitt,elias.schmitt@example.com,France,2025-02-22
117,Chiara,Wiśniewski,chiara.wisniewski@example.net,Netherlands,2024-04-20
118,Sofia,Esposito,sofia.esposito@example.org,Germany,2025-08-10
119,Lucía,Lange,lucia.lange@example.com,Sweden,2024-12-08
120,Astrid,Sánchez,astrid.sanchez@example.net,Spain,2025-07-24
121,Wolfgang,Nowak,wolfgang.nowak@example.com,Belgium,2025-02-20
122,Marco,de Vries,marco.devries@example.net,Spain,2023-02-14
123,Louis,Schmidt,louis.schmidt@example.net,Germany,2026-05-26
124,Manon,König,manon.koenig@example.net,Italy,2024-03-24
125,Agnieszka,Kaiser,agnieszka.kaiser@example.net,Netherlands,2023-07-18
126,Jonas,Bakker,jonas.bakker@example.org,Germany,2026-04-01
127,Hannah,Richter,hannah.richter@example.org,Italy,2025-04-30
128,Hannah,Karlsson,hannah.karlsson@example.org,Denmark,2025-10-24
129,Finn,Kaiser,finn.kaiser@example.org,Spain,2024-11-24
130,Tim,Hofmann,tim.hofmann@example.com,Austria,2026-02-15
131,Ingrid,Schmidt,ingrid.schmidt@example.org,Denmark,2023-09-11
132,Hugo,Jensen,hugo.jensen@example.org,Italy,2023-08-10
133,Elise,Fischer,elise.fischer@example.net,Denmark,2024-11-02
134,Erik,Schulz,erik.schulz@example.net,Sweden,2024-09-10
135,Emma,Krüger,emma.krueger@example.com,Germany,2024-09-15
136,Sarah,Mayer,sarah.mayer@example.net,Netherlands,2025-03-06
137,Signe,Karlsson,signe.karlsson@example.org,Poland,2023-11-13
138,Sarah,Kowalski,sarah.kowalski@example.net,Austria,2024-07-26
139,Andreas,Herrmann,andreas.herrmann@example.org,Sweden,2024-04-28
140,Andreas,Karlsson,andreas.karlsson@example.net,Italy,2023-05-05
141,Amelie,Neumann,amelie.neumann@example.org,France,2024-03-10
142,Francesca,Schneider,francesca.schneider@example.com,Italy,2024-05-13
143,Giulia,Köhler,giulia.koehler@example.com,Denmark,2024-02-29
144,Matteo,Meijer,matteo.meijer@example.com,Poland,2023-01-06
145,Mia,Braun,mia.braun@example.net,Spain,2023-12-24
146,Maximilian,Braun,maximilian.braun@example.com,Italy,2024-05-02
147,Sophie,Werner,sophie.werner@example.org,Germany,2023-09-17
148,Marta,Schröder,marta.schroeder@example.net,France,2025-09-02
149,Sabine,Kamiński,sabine.kaminski@example.net,France,2025-07-14
150,Piotr,Meyer,piotr.meyer@example.net,Denmark,2024-09-09
151,Maximilian,Becker,maximilian.becker@example.org,Austria,2025-05-23
152,Céline,Russo,celine.russo@example.com,France,2024-10-21
153,Julia,Braun,julia.braun@example.org,Poland,2026-04-13
154,Thomas,Laurent,thomas.laurent@example.net,Denmark,2024-08-26
155,Katarzyna,Rossi,katarzyna.rossi@example.com,France,2026-02-03
156,Oskar,Rossi,oskar.rossi@example.org,Belgium,2025-04-27
157,Anouk,Garcia,anouk.garcia@example.org,France,2024-10-02
158,Signe,Kaiser,signe.kaiser@example.org,Netherlands,2025-08-29
159,Lena,Richter,lena.richter@example.org,France,2025-02-02
160,Felix,Nielsen,felix.nielsen@example.net,Denmark,2024-11-06
161,Sanne,Dubois,sanne.dubois@example.net,Austria,2023-04-16
162,Gabriel,Dubois,gabriel.dubois@example.com,Poland,2025-11-05
163,Magnus,Nowak,magnus.nowak@example.com,France,2024-12-18
164,Emma,Lang,emma.lang@example.net,Belgium,2025-05-28
165,Agnieszka,Eriksson,agnieszka.eriksson@example.com,Poland,2024-07-01
166,Camille,Bakker,camille.bakker@example.org,Italy,2023-01-13
167,Mia,Larsen,mia.larsen@example.net,Austria,2023-05-23
168,Astrid,Fischer,astrid.fischer@example.com,Denmark,2024-03-16
169,Anouk,de Boer,anouk.deboer@example.com,Italy,2024-09-30
170,Giulia,Pedersen,giulia.pedersen@example.com,Germany,2023-11-15
171,Agnieszka,Wagner,agnieszka.wagner@example.net,France,2024-07-11
172,Femke,Kowalski,femke.kowalski@example.net,Sweden,2025-04-28
173,Pierre,Schröder,pierre.schroeder@example.org,Austria,2023-08-16
174,Lorenzo,Kowalski,lorenzo.kowalski@example.net,Spain,2023-04-04
175,Francesca,Becker,francesca.becker@example.com,Belgium,2024-09-09
176,Leon,Kaiser,leon.kaiser@example.org,Italy,2023-09-03
177,Daan,Werner,daan.werner@example.com,Austria,2025-12-26
178,Juliette,Eriksson,juliette.eriksson@example.net,Italy,2023-05-28
179,Jonas,Rossi,jonas.rossi@example.com,Sweden,2023-06-09
180,Femke,Hansen,femke.hansen@example.org,Austria,2024-08-15
181,Sophie,Smit,sophie.smit@example.com,Poland,2025-07-31
182,Sabine,Richter,sabine.richter@example.org,France,2024-05-13
183,Jan,Andersson,jan.andersson@example.com,Austria,2024-09-27
184,Freya,Meijer,freya.meijer@example.com,France,2025-11-11
185,Marta,Kamiński,marta.kaminski@example.com,Italy,2024-12-20
186,Erik,Hofmann,erik.hofmann@example.com,France,2023-10-27
187,Lea,Hartmann,lea.hartmann@example.net,France,2023-12-29
188,Ruben,Larsen,ruben.larsen1@example.net,Sweden,2026-03-02
189,Agnieszka,Smit,agnieszka.smit@example.net,Italy,2023-11-06
190,Elise,Russo,elise.russo@example.net,Spain,2024-07-16
191,Stefan,Wójcik,stefan.wojcik@example.com,Spain,2025-08-03
192,Felix,Moreau,felix.moreau@example.org,France,2023-07-04
193,Juliette,Simon,juliette.simon@example.org,Poland,2026-02-09
194,Jonas,Ferrari,jonas.ferrari@example.net,Belgium,2024-10-20
195,Juliette,Hartmann,juliette.hartmann@example.com,Sweden,2023-07-31
196,Lena,Wójcik,lena.wojcik@example.net,Netherlands,2023-03-22
197,Lotte,Russo,lotte.russo@example.net,Denmark,2023-11-22
198,Manon,Simon,manon.simon@example.org,Italy,2026-05-09
199,Marek,Meijer,marek.meijer@example.com,Italy,2023-07-13
200,Wolfgang,Jansen,wolfgang.jansen@example.org,Poland,2023-11-04
201,Alessia,Hofmann,alessia.hofmann@example.org,Spain,2025-03-13
202,Lena,Bakker,lena.bakker@example.net,Austria,2024-11-03
203,Marta,Richter,marta.richter@example.net,Austria,2025-11-07
204,Sabine,Bakker,sabine.bakker@example.com,Belgium,2024-11-30
205,Freya,Krüger,freya.krueger@example.com,France,2024-08-28
206,Lucía,Andersson,lucia.andersson@example.com,Italy,2023-09-26
207,Ben,Lange,ben.lange@example.com,Poland,2023-12-06
208,Jonas,Martínez,jonas.martinez@example.org,Belgium,2025-06-28
209,Pieter,König,pieter.koenig@example.net,Belgium,2024-09-25
210,Amelie,Moreau,amelie.moreau@example.net,Poland,2025-06-21
211,Manon,Laurent,manon.laurent@example.net,Denmark,2025-05-07
212,Noah,Krüger,noah.krueger@example.org,Germany,2025-09-11
213,Niklas,Lewandowski,niklas.lewandowski@example.com,Spain,2023-06-21
214,Pieter,Kamiński,pieter.kaminski@example.com,Austria,2023-07-07
215,Pieter,Mulder,pieter.mulder@example.com,Austria,2023-04-20
216,Andreas,Mayer,andreas.mayer@example.org,France,2025-02-06
217,Eva,Klein,eva.klein@example.net,Italy,2023-10-27
218,Manon,Romano,manon.romano@example.net,Netherlands,2025-08-18
219,Lukas,Koch,lukas.koch@example.com,Spain,2024-03-17
220,Katarzyna,Andersson,katarzyna.andersson@example.org,France,2024-08-13
221,Paul,Wagner,paul.wagner@example.com,Austria,2025-07-25
222,Antoine,Pedersen,antoine.pedersen@example.net,Germany,2025-11-21
223,Mia,de Vries,mia.devries@example.org,Germany,2024-12-23
224,Bram,Krause,bram.krause@example.net,France,2025-12-08
225,Marta,Karlsson,marta.karlsson@example.net,Denmark,2026-02-08
226,Elise,Meyer,elise.meyer@example.net,Austria,2025-02-03
227,Sophie,Dubois,sophie.dubois@example.com,Italy,2024-05-08
228,Marek,Wolf,marek.wolf@example.net,Italy,2023-10-01
229,Lucía,de Boer,lucia.deboer@example.net,Netherlands,2025-08-09
230,Marek,Krause,marek.krause@example.com,France,2025-07-26
231,Noah,Meyer,noah.meyer@example.com,Germany,2024-10-08
232,Ingrid,Karlsson,ingrid.karlsson@example.org,Spain,2023-03-16
233,Manon,Dubois,manon.dubois@example.com,Italy,2024-07-13
234,Andreas,Rossi,andreas.rossi@example.org,Sweden,2025-03-02
235,Antoine,Wiśniewski,antoine.wisniewski@example.org,Denmark,2024-06-30
236,Femke,Koch,femke.koch@example.org,Poland,2024-01-05
237,Thomas,Wolf,thomas.wolf1@example.com,Italy,2024-08-28
238,Katarzyna,Sánchez,katarzyna.sanchez@example.com,Sweden,2024-12-20
239,Stefan,Rossi,stefan.rossi@example.org,Germany,2023-06-03
240,Jan,Lefebvre,jan.lefebvre@example.net,Netherlands,2023-03-05
241,Katarzyna,Russo,katarzyna.russo@example.com,Netherlands,2023-05-18
242,Erik,Lefebvre,erik.lefebvre@example.org,Austria,2026-03-07
243,Ben,Ferrari,ben.ferrari@example.org,Italy,2025-06-28
244,Leon,Andersson,leon.andersson@example.org,Austria,2024-10-05
245,Luca,Schröder,luca.schroeder@example.com,Netherlands,2025-10-19
246,Elena,Neumann,elena.neumann@example.org,Spain,2025-07-02
247,Manon,Kowalski,manon.kowalski@example.com,France,2023-10-05
248,Lea,Russo,lea.russo@example.com,Italy,2024-12-12
249,Javier,Karlsson,javier.karlsson@example.org,Spain,2023-11-19
250,Astrid,Werner,astrid.werner@example.org,Denmark,2024-04-04
251,Leon,Mayer,leon.mayer@example.org,Germany,2025-01-09
252,Andreas,Bianchi,andreas.bianchi@example.net,Netherlands,2023-06-26
253,Ingrid,Nowak,ingrid.nowak@example.net,Austria,2025-04-18
254,Hannah,Visser,hannah.visser@example.net,France,2025-07-10
255,Margaux,Mulder,margaux.mulder@example.com,Denmark,2026-04-18
256,Hannah,Rossi,hannah.rossi@example.net,Germany,2023-09-12
257,Alice,Schmitt,alice.schmitt@example.com,Italy,2024-04-06
258,Manon,Koch,manon.koch@example.org,Belgium,2026-02-02
259,Marek,van den Berg,marek.vandenberg@example.net,Denmark,2023-07-11
260,Finn,Nielsen,finn.nielsen@example.net,Netherlands,2023-12-17
261,Katarzyna,de Boer,katarzyna.deboer@example.net,Germany,2023-02-28
262,Erik,Hansen,erik.hansen@example.org,Belgium,2026-03-17
263,Astrid,Fischer,astrid.fischer@example.org,Denmark,2024-08-16
264,Mathieu,Huber,mathieu.huber@example.net,Austria,2024-09-01
265,Felix,Lange,felix.lange@example.org,Austria,2025-09-18
266,Peter,Hofmann,peter.hofmann@example.org,Italy,2024-12-08
267,Andreas,Kamiński,andreas.kaminski@example.net,France,2024-10-15
268,Paul,Peters,paul.peters@example.org,Belgium,2023-10-16
269,Jules,Simon,jules.simon@example.net,Austria,2024-05-23
270,Thomas,Hansen,thomas.hansen@example.net,Italy,2024-01-24
271,Pierre,Bianchi,pierre.bianchi@example.org,Spain,2025-10-15
272,Ingrid,Wójcik,ingrid.wojcik@example.org,Belgium,2024-03-16
273,Laura,Wagner,laura.wagner@example.org,Sweden,2026-05-08
274,Elise,Jansen,elise.jansen@example.net,Germany,2023-08-09
275,Hugo,Lefebvre,hugo.lefebvre@example.org,Italy,2023-04-03
276,Giulia,Eriksson,giulia.eriksson@example.com,Italy,2026-02-07
277,Wolfgang,Wójcik,wolfgang.wojcik@example.org,Denmark,2024-07-26
278,Piotr,Neumann,piotr.neumann@example.com,France,2025-03-17
279,Peter,Eriksson,peter.eriksson@example.org,Netherlands,2024-02-12
280,Jan,Wójcik,jan.wojcik@example.com,Germany,2023-03-21
281,Nina,Romano,nina.romano@example.net,Sweden,2023-11-02
282,Pierre,Krüger,pierre.krueger@example.org,Poland,2024-10-14
283,Piotr,van den Berg,piotr.vandenberg@example.net,Italy,2025-11-04
284,Céline,Larsen,celine.larsen@example.org,Sweden,2023-02-04
285,Emma,López,emma.lopez@example.net,Spain,2023-02-24
286,Hugo,Jensen,hugo.jensen@example.net,Belgium,2023-04-16
287,Finn,Andersson,finn.andersson@example.net,Poland,2025-02-17
288,Luca,Weber,luca.weber@example.net,France,2024-01-26
289,Eva,López,eva.lopez@example.com,Austria,2024-02-22
290,Piotr,Romano,piotr.romano@example.net,Germany,2023-10-10
291,Elena,Smit,elena.smit@example.net,Sweden,2025-12-12
292,Lea,Esposito,lea.esposito@example.net,Italy,2026-01-23
293,Erik,Fuchs,erik.fuchs@example.net,Sweden,2024-01-29
294,Elena,van den Berg,elena.vandenberg@example.com,Spain,2024-08-14
295,Céline,Visser,celine.visser@example.org,Italy,2026-02-21
296,Manon,Neumann,manon.neumann@example.net,Denmark,2025-02-16
297,Katrin,Hofmann,katrin.hofmann@example.org,Germany,2024-08-12
298,Katrin,Russo,katrin.russo@example.net,Spain,2025-09-08
299,Pablo,Peters,pablo.peters@example.net,Spain,2023-10-09
300,Lorenzo,Mayer,lorenzo.mayer@example.com,Germany,2025-12-23
