order_id,customer_id,order_date,status
1,68,2025-01-01 13:00:21,completed
2,42,2025-01-02 12:51:39,completed
3,230,2025-01-02 18:00:34,completed
4,84,2025-01-02 18:54:49,completed
5,86,2025-01-02 18:57:44,completed
6,111,2025-01-03 19:50:20,completed
7,268,2025-01-03 23:59:22,returned
8,100,2025-01-04 13:28:22,completed
9,125,2025-01-04 15:35:46,returned
10,204,2025-01-04 21:12:06,completed
11,174,2025-01-05 08:38:02,completed
12,29,2025-01-05 16:38:03,completed
13,124,2025-01-05 17:02:09,returned
14,260,2025-01-06 06:53:11,cancelled
15,223,2025-01-06 11:10:23,completed
16,63,2025-01-06 12:42:47,completed
17,56,2025-01-06 12:44:51,completed
18,104,2025-01-06 15:18:36,completed
19,60,2025-01-07 06:23:08,completed
20,127,2025-01-07 08:03:38,cancelled
21,276,2025-01-07 14:15:17,returned
22,235,2025-01-07 15:19:43,completed
23,105,2025-01-07 18:37:06,completed
24,40,2025-01-07 21:23:29,completed
25,240,2025-01-08 07:25:06,completed
26,156,2025-01-08 21:05:43,completed
27,233,2025-01-09 06:33:52,completed
28,166,2025-01-09 13:33:21,completed
29,127,2025-01-09 20:22:14,cancelled
30,276,2025-01-10 14:11:35,completed
31,44,2025-01-10 15:15:41,completed
32,21,2025-01-10 22:53:37,completed
33,60,2025-01-10 23:19:20,completed
34,171,2025-01-11 06:13:30,completed
35,48,2025-01-11 06:24:09,completed
36,293,2025-01-12 06:40:46,completed
37,300,2025-01-12 08:14:56,completed
38,153,2025-01-12 11:58:37,completed
39,91,2025-01-12 12:12:55,completed
40,284,2025-01-12 13:57:59,completed
41,125,2025-01-12 22:54:45,completed
42,300,2025-01-13 11:00:25,returned
43,32,2025-01-13 16:34:28,completed
44,172,2025-01-14 07:15:44,returned
45,293,2025-01-15 09:24:32,completed
46,10,2025-01-15 12:33:43,completed
47,187,2025-01-15 13:07:35,completed
48,180,2025-01-15 13:53:45,completed
49,68,2025-01-15 20:21:23,completed
50,99,2025-01-15 23:16:34,completed
51,126,2025-01-16 06:19:26,completed
52,59,2025-01-16 20:56:05,completed
53,49,2025-01-16 23:18:02,completed
54,9,2025-01-17 07:31:45,completed
55,17,2025-01-18 13:53:33,completed
56,217,2025-01-18 15:40:57,completed
57,280,2025-01-18 21:25:47,completed
58,42,2025-01-19 16:22:35,completed
59,155,2025-01-19 22:48:16,completed
60,151,2025-01-20 21:02:18,returned
61,184,2025-01-21 08:30:54,completed
62,193,2025-01-21 21:45:41,completed
63,279,2025-01-21 21:46:39,completed
64,166,2025-01-22 11:17:56,completed
65,128,2025-01-22 16:16:24,completed
66,6,2025-01-22 18:49:12,completed
67,131,2025-01-22 21:05:08,completed
68,152,2025-01-22 22:50:15,cancelled
69,300,2025-01-23 09:22:20,completed
70,198,2025-01-23 21:53:46,completed
71,207,2025-01-24 08:06:52,completed
72,295,2025-01-24 13:35:10,completed
73,252,2025-01-24 16:54:35,completed
74,22,2025-01-25 10:08:00,returned
75,99,2025-01-25 12:58:02,completed
76,299,2025-01-25 13:38:45,returned
77,289,2025-01-25 14:52:24,completed
78,241,2025-01-25 17:00:35,completed
79,2,2025-01-26 10:19:45,completed
80,187,2025-01-26 13:31:16,cancelled
81,166,2025-01-26 20:22:44,completed
82,259,2025-01-27 20:50:27,completed
83,164,2025-01-27 23:58:37,completed
84,38,2025-01-28 21:30:27,completed
85,211,2025-01-28 21:58:42,completed
86,63,2025-01-29 10:47:04,completed
87,68,2025-01-29 17:45:28,completed
88,186,2025-01-29 17:51:31,completed
89,2,2025-01-29 21:42:35,completed
90,172,2025-01-30 07:57:19,completed
91,94,2025-01-30 15:46:27,completed
92,273,2025-01-31 17:40:45,completed
93,176,2025-01-31 22:25:38,completed
94,178,2025-02-01 08:49:32,completed
95,179,2025-02-01 10:10:37,completed
96,280,2025-02-01 14:56:24,completed
97,254,2025-02-01 15:26:44,cancelled
98,66,2025-02-01 18:25:44,completed
99,167,2025-02-01 18:58:14,completed
100,156,2025-02-02 08:15:10,completed
101,228,2025-02-02 08:15:49,completed
102,192,2025-02-02 09:58:01,completed
103,285,2025-02-02 12:28:26,completed
104,169,2025-02-02 14:41:37,completed
105,270,2025-02-02 22:34:25,completed
106,87,2025-02-03 09:04:57,completed
107,134,2025-02-03 12:07:15,cancelled
108,176,2025-02-03 15:05:13,completed
109,172,2025-02-03 21:58:58,completed
110,252,2025-02-04 06:11:53,completed
111,58,2025-02-04 10:10:55,completed
112,161,2025-02-04 13:54:46,completed
113,154,2025-02-04 14:42:54,completed
114,118,2025-02-04 19:18:57,completed
115,236,2025-02-05 06:00:25,completed
116,45,2025-02-05 06:57:00,completed
117,6,2025-02-05 14:53:10,completed
118,36,2025-02-05 20:39:17,returned
119,167,2025-02-06 18:23:37,completed
120,108,2025-02-06 19:50:43,completed
121,217,2025-02-06 20:42:07,cancelled
122,203,2025-02-07 09:28:19,completed
123,126,2025-02-07 21:44:09,completed
124,249,2025-02-08 13:49:55,completed
125,198,2025-02-08 21:00:07,completed
126,157,2025-02-09 12:45:48,completed
127,104,2025-02-10 19:46:29,completed
128,130,2025-02-10 20:39:02,completed
129,180,2025-02-11 11:26:01,completed
130,216,2025-02-11 15:18:10,completed
131,97,2025-02-12 06:23:46,completed
132,157,2025-02-12 11:45:38,completed
133,173,2025-02-12 12:32:07,completed
134,87,2025-02-12 19:16:21,completed
135,139,2025-02-12 20:11:24,returned
136,11,2025-02-12 21:21:40,completed
137,69,2025-02-13 08:55:19,completed
138,249,2025-02-13 09:53:23,returned
139,182,2025-02-13 14:12:01,completed
140,224,2025-02-13 17:04:09,returned
141,26,2025-02-13 18:19:40,completed
142,172,2025-02-13 21:41:01,completed
143,166,2025-02-14 19:30:47,completed
144,219,2025-02-15 06:52:17,completed
145,128,2025-02-15 08:30:01,completed
146,273,2025-02-15 18:44:19,completed
147,128,2025-02-16 13:48:38,completed
148,203,2025-02-16 15:42:50,completed
149,220,2025-02-16 19:21:23,completed
150,154,2025-02-17 06:18:55,completed
151,259,2025-02-17 07:35:03,completed
152,257,2025-02-17 14:33:02,completed
153,69,2025-02-18 10:53:23,completed
154,230,2025-02-18 18:19:52,returned
155,121,2025-02-18 20:06:39,completed
156,152,2025-02-19 07:52:21,cancelled
157,55,2025-02-19 15:46:12,returned
158,10,2025-02-19 16:26:41,returned
159,187,2025-02-19 23:17:57,completed
160,248,2025-02-20 09:44:55,completed
161,39,2025-02-20 15:29:31,completed
162,102,2025-02-20 18:20:07,completed
163,277,2025-02-20 18:22:30,returned
164,104,2025-02-20 19:48:09,completed
165,146,2025-02-21 13:11:42,cancelled
166,158,2025-02-21 15:50:09,completed
167,295,2025-02-21 18:52:45,completed
168,161,2025-02-21 20:47:56,completed
169,161,2025-02-22 07:33:50,completed
170,6,2025-02-22 10:28:22,completed
171,95,2025-02-22 14:15:18,completed
172,248,2025-02-22 19:33:13,completed
173,265,2025-02-23 12:42:21,returned
174,160,2025-02-23 14:44:39,completed
175,104,2025-02-24 10:45:30,completed
176,45,2025-02-24 10:46:35,completed
177,238,2025-02-24 12:39:25,cancelled
178,220,2025-02-24 18:24:39,cancelled
179,268,2025-02-24 18:44:52,completed
180,166,2025-02-24 19:29:24,completed
181,231,2025-02-24 21:41:42,completed
182,38,2025-02-25 06:59:02,completed
183,273,2025-02-25 08:06:40,completed
184,86,2025-02-25 15:27:48,completed
185,249,2025-02-25 18:05:01,cancelled
186,213,2025-02-25 19:27:23,returned
187,79,2025-02-26 09:21:19,returned
188,97,2025-02-26 11:36:08,completed
189,38,2025-02-26 20:01:57,cancelled
190,225,2025-02-27 08:16:06,returned
191,6,2025-02-27 11:53:01,cancelled
192,227,2025-02-27 18:10:46,completed
193,298,2025-02-28 09:57:16,completed
194,133,2025-03-01 06:40:45,completed
195,12,2025-03-01 12:57:36,completed
196,6,2025-03-01 18:54:12,completed
197,73,2025-03-01 20:12:18,completed
198,85,2025-03-02 16:52:54,completed
199,185,2025-03-02 21:09:55,completed
200,243,2025-03-02 21:52:57,completed
201,104,2025-03-03 20:40:12,completed
202,281,2025-03-03 21:48:27,completed
203,246,2025-03-03 23:02:54,completed
204,289,2025-03-04 06:07:49,completed
205,62,2025-03-04 06:46:37,cancelled
206,257,2025-03-04 08:13:33,completed
207,237,2025-03-04 10:05:41,cancelled
208,5,2025-03-05 08:03:27,completed
209,92,2025-03-05 17:24:11,completed
210,143,2025-03-06 10:57:34,completed
211,21,2025-03-06 12:42:57,completed
212,44,2025-03-06 15:10:45,completed
213,66,2025-03-06 18:28:33,completed
214,236,2025-03-07 08:47:38,cancelled
215,24,2025-03-07 11:03:25,completed
216,94,2025-03-07 13:53:49,completed
217,202,2025-03-07 15:41:10,returned
218,115,2025-03-07 17:03:41,completed
219,234,2025-03-07 22:03:58,completed
220,259,2025-03-08 08:50:08,completed
221,129,2025-03-08 10:55:53,completed
222,186,2025-03-08 15:28:33,completed
223,239,2025-03-08 17:13:26,cancelled
224,8,2025-03-08 17:51:34,completed
225,180,2025-03-08 23:11:01,completed
226,43,2025-03-09 09:44:11,completed
227,140,2025-03-09 15:11:07,completed
228,253,2025-03-10 10:37:34,completed
229,234,2025-03-10 21:20:38,completed
230,197,2025-03-10 23:12:46,completed
231,72,2025-03-11 08:55:10,completed
232,135,2025-03-11 09:46:00,returned
233,118,2025-03-11 10:35:54,returned
234,258,2025-03-11 11:04:19,returned
235,213,2025-03-11 11:22:39,completed
236,98,2025-03-11 13:14:16,completed
237,128,2025-03-11 19:40:14,completed
238,21,2025-03-11 21:17:44,completed
239,286,2025-03-12 07:41:41,completed
240,68,2025-03-12 09:06:48,completed
241,62,2025-03-12 10:02:12,completed
242,45,2025-03-12 10:41:59,completed
243,207,2025-03-12 10:54:47,completed
244,226,2025-03-12 12:54:14,completed
245,25,2025-03-12 12:56:29,completed
246,110,2025-03-12 14:05:25,completed
247,298,2025-03-12 17:51:43,returned
248,267,2025-03-12 18:51:47,completed
249,300,2025-03-13 09:14:13,completed
250,174,2025-03-13 19:05:04,completed
251,104,2025-03-13 21:05:23,completed
252,136,2025-03-13 22:39:10,completed
253,178,2025-03-14 06:07:47,completed
254,278,2025-03-14 09:26:58,completed
255,182,2025-03-14 13:50:59,completed
256,290,2025-03-14 16:29:31,completed
257,249,2025-03-14 19:05:48,completed
258,166,2025-03-14 23:18:42,completed
259,161,2025-03-15 06:38:58,completed
260,36,2025-03-16 11:21:22,completed
261,152,2025-03-17 13:21:53,completed
262,169,2025-03-17 14:51:06,completed
263,290,2025-03-17 14:58:23,completed
264,8,2025-03-17 18:52:33,completed
265,97,2025-03-17 19:09:40,completed
266,73,2025-03-17 23:34:01,completed
267,18,2025-03-17 23:52:00,completed
268,125,2025-03-18 17:24:27,completed
269,189,2025-03-18 20:24:45,completed
270,5,2025-03-18 22:25:37,completed
271,90,2025-03-18 23:13:18,completed
272,254,2025-03-19 11:59:05,completed
273,279,2025-03-20 10:40:32,completed
274,90,2025-03-20 14:03:19,completed
275,132,2025-03-20 23:46:59,completed
276,161,2025-03-21 08:03:08,completed
277,285,2025-03-21 10:07:54,cancelled
278,32,2025-03-21 11:04:19,completed
279,80,2025-03-21 13:10:28,completed
280,275,2025-03-21 22:48:21,completed
281,237,2025-03-22 09:04:59,completed
282,217,2025-03-22 12:18:17,completed
283,68,2025-03-22 15:56:32,completed
284,266,2025-03-22 18:42:38,completed
285,38,2025-03-22 21:09:41,completed
286,227,2025-03-23 08:35:57,completed
287,168,2025-03-23 08:47:43,cancelled
288,256,2025-03-23 12:49:16,completed
289,166,2025-03-23 19:25:10,completed
290,98,2025-03-24 08:41:21,completed
291,102,2025-03-24 12:27:21,returned
292,157,2025-03-24 15:21:52,completed
293,6,2025-03-24 18:02:00,completed
294,285,2025-03-24 20:48:32,completed
295,112,2025-03-24 20:53:45,completed
296,48,2025-03-25 07:42:03,completed
297,88,2025-03-25 12:45:21,completed
298,193,2025-03-25 13:38:14,completed
299,299,2025-03-25 18:42:31,returned
300,246,2025-03-25 21:39:00,completed
301,230,2025-03-25 21:40:53,completed
302,231,2025-03-26 10:28:34,cancelled
303,126,2025-03-26 12:44:43,completed
304,220,2025-03-27 09:00:03,completed
305,185,2025-03-27 09:44:09,completed
306,195,2025-03-27 13:47:26,completed
307,63,2025-03-28 07:54:20,completed
308,190,2025-03-28 13:05:26,completed
309,130,2025-03-28 13:34:07,completed
310,285,2025-03-28 21:21:18,completed
311,153,2025-03-28 22:55:02,completed
312,160,2025-03-28 23:01:11,completed
313,267,2025-03-29 08:15:38,completed
314,129,2025-03-29 09:19:28,completed
315,228,2025-03-29 16:01:18,completed
316,213,2025-03-29 20:39:09,completed
317,25,2025-03-30 06:11:29,completed
318,256,2025-03-30 08:58:07,completed
319,278,2025-03-30 11:07:08,completed
320,26,2025-03-30 17:57:51,completed
321,295,2025-03-30 19:15:39,completed
322,260,2025-03-30 21:09:40,completed
323,177,2025-03-31 11:42:51,completed
324,136,2025-03-31 18:35:24,completed
325,32,2025-03-31 23:20:17,completed
326,98,2025-04-01 06:10:59,completed
327,36,2025-04-01 06:54:08,completed
328,21,2025-04-01 09:11:55,completed
329,89,2025-04-01 14:05:41,completed
330,171,2025-04-01 17:44:43,completed
331,126,2025-04-01 19:28:24,completed
332,66,2025-04-01 20:14:35,returned
333,56,2025-04-02 09:09:27,cancelled
334,192,2025-04-02 17:28:34,completed
335,173,2025-04-02 18:33:19,completed
336,55,2025-04-02 19:01:10,completed
337,91,2025-04-02 19:54:13,completed
338,118,2025-04-02 19:57:10,returned
339,256,2025-04-02 21:21:15,completed
340,33,2025-04-02 21:54:31,completed
341,247,2025-04-03 07:10:24,completed
342,91,2025-04-03 13:23:37,completed
343,285,2025-04-03 19:23:40,completed
344,158,2025-04-03 21:30:17,completed
345,42,2025-04-03 23:20:49,completed
346,156,2025-04-04 07:03:22,completed
347,109,2025-04-04 08:05:24,completed
348,180,2025-04-04 09:34:10,cancelled
349,21,2025-04-04 12:41:10,completed
350,246,2025-04-04 14:31:11,completed
351,1,2025-04-04 23:36:09,completed
352,107,2025-04-05 07:56:46,completed
353,6,2025-04-05 09:11:18,completed
354,59,2025-04-05 23:11:49,completed
355,112,2025-04-06 06:21:02,completed
356,45,2025-04-06 06:58:44,completed
357,277,2025-04-06 07:53:04,completed
358,134,2025-04-06 07:55:42,completed
359,21,2025-04-06 09:50:37,returned
360,20,2025-04-06 21:42:54,completed
361,203,2025-04-07 13:51:47,completed
362,136,2025-04-07 18:46:50,completed
363,114,2025-04-07 22:08:31,returned
364,40,2025-04-08 08:09:00,completed
365,104,2025-04-08 08:48:58,returned
366,281,2025-04-08 15:42:00,completed
367,259,2025-04-08 15:54:24,returned
368,273,2025-04-08 20:43:09,completed
369,202,2025-04-08 21:17:38,completed
370,94,2025-04-09 15:33:21,completed
371,230,2025-04-09 15:53:14,completed
372,192,2025-04-09 17:11:13,completed
373,64,2025-04-10 08:57:12,completed
374,118,2025-04-10 11:02:30,completed
375,53,2025-04-10 17:19:18,completed
376,176,2025-04-10 19:38:09,completed
377,113,2025-04-10 22:29:20,completed
378,53,2025-04-11 07:33:09,completed
379,266,2025-04-11 18:26:38,completed
380,197,2025-04-11 19:40:27,completed
381,281,2025-04-12 07:50:42,completed
382,43,2025-04-12 16:16:10,completed
383,7,2025-04-12 18:41:36,completed
384,158,2025-04-12 21:13:46,returned
385,208,2025-04-13 08:42:30,completed
386,97,2025-04-13 09:22:30,completed
387,290,2025-04-13 13:09:55,completed
388,193,2025-04-13 13:43:01,completed
389,33,2025-04-13 14:00:29,cancelled
390,118,2025-04-13 14:33:20,completed
391,142,2025-04-14 11:16:10,completed
392,254,2025-04-14 21:44:08,completed
393,50,2025-04-14 23:18:56,completed
394,220,2025-04-15 07:06:13,completed
395,67,2025-04-15 13:46:08,completed
396,24,2025-04-15 19:38:16,completed
397,176,2025-04-15 20:38:30,returned
398,23,2025-04-16 07:58:23,completed
399,7,2025-04-16 12:35:39,completed
400,37,2025-04-16 16:56:26,cancelled
401,288,2025-04-16 20:32:27,completed
402,160,2025-04-17 06:09:03,returned
403,256,2025-04-17 07:35:31,returned
404,253,2025-04-17 10:13:41,completed
405,241,2025-04-17 10:19:43,completed
406,111,2025-04-17 10:54:38,completed
407,200,2025-04-17 21:07:41,completed
408,16,2025-04-18 07:26:48,returned
409,83,2025-04-18 10:49:00,completed
410,262,2025-04-18 11:21:04,returned
411,11,2025-04-18 12:21:26,cancelled
412,60,2025-04-18 12:30:14,completed
413,223,2025-04-19 14:13:09,completed
414,86,2025-04-19 14:44:39,cancelled
415,159,2025-04-19 22:21:04,completed
416,267,2025-04-20 09:49:51,returned
417,65,2025-04-20 21:22:02,completed
418,281,2025-04-21 09:50:07,completed
419,198,2025-04-21 10:48:08,completed
420,118,2025-04-21 14:10:45,completed
421,202,2025-04-21 14:53:43,completed
422,104,2025-04-21 19:25:47,completed
423,198,2025-04-22 07:26:30,completed
424,215,2025-04-22 07:38:11,completed
425,189,2025-04-22 12:46:02,cancelled
426,250,2025-04-23 16:14:20,returned
427,139,2025-04-23 17:08:29,completed
428,53,2025-04-23 17:36:18,completed
429,158,2025-04-23 22:37:56,completed
430,75,2025-04-24 10:03:15,returned
431,115,2025-04-24 13:42:28,completed
432,100,2025-04-24 15:48:36,completed
433,240,2025-04-24 16:50:31,completed
434,289,2025-04-24 21:11:12,completed
435,174,2025-04-24 21:59:38,completed
436,37,2025-04-24 23:34:46,completed
437,109,2025-04-25 11:10:13,completed
438,121,2025-04-25 22:50:50,completed
439,75,2025-04-25 22:52:53,cancelled
440,5,2025-04-25 23:33:49,completed
441,70,2025-04-26 09:59:06,completed
442,137,2025-04-26 18:23:32,completed
443,228,2025-04-26 21:43:06,completed
444,72,2025-04-27 09:41:35,completed
445,240,2025-04-27 16:16:23,completed
446,298,2025-04-27 16:27:47,completed
447,18,2025-04-27 17:55:02,completed
448,60,2025-04-27 18:12:30,completed
449,8,2025-04-28 19:34:43,completed
450,11,2025-04-28 20:09:20,completed
451,253,2025-04-29 18:33:43,returned
452,73,2025-04-29 22:49:31,completed
453,29,2025-05-01 07:09:59,completed
454,128,2025-05-01 18:06:20,completed
455,115,2025-05-01 19:49:24,cancelled
456,275,2025-05-01 22:54:34,completed
457,241,2025-05-02 07:00:36,completed
458,129,2025-05-02 07:15:39,completed
459,246,2025-05-02 16:31:57,completed
460,69,2025-05-02 19:17:01,completed
461,100,2025-05-02 23:07:19,completed
462,233,2025-05-02 23:23:12,completed
463,15,2025-05-03 11:04:48,completed
464,186,2025-05-03 16:27:28,completed
465,134,2025-05-04 14:30:40,completed
466,187,2025-05-04 16:27:07,completed
467,197,2025-05-04 18:27:30,completed
468,87,2025-05-05 07:59:34,completed
469,65,2025-05-05 10:47:46,completed
470,286,2025-05-05 14:55:05,completed
471,265,2025-05-05 17:14:56,completed
472,76,2025-05-05 20:18:52,completed
473,176,2025-05-06 10:03:10,returned
474,39,2025-05-06 14:50:51,completed
475,45,2025-05-06 16:40:16,completed
476,275,2025-05-07 10:59:01,completed
477,273,2025-05-07 14:47:13,returned
478,53,2025-05-07 20:30:02,completed
479,261,2025-05-08 13:16:05,completed
480,223,2025-05-09 19:01:15,completed
481,6,2025-05-09 20:31:29,completed
482,152,2025-05-09 20:48:06,completed
483,185,2025-05-09 23:59:08,completed
484,237,2025-05-10 06:49:25,cancelled
485,57,2025-05-10 18:11:38,completed
486,285,2025-05-11 13:09:48,completed
487,250,2025-05-11 14:38:41,completed
488,98,2025-05-11 17:08:54,cancelled
489,135,2025-05-11 18:22:34,completed
490,175,2025-05-11 22:43:26,completed
491,183,2025-05-12 07:24:56,completed
492,128,2025-05-12 09:03:12,completed
493,277,2025-05-12 20:06:07,completed
494,164,2025-05-12 22:00:47,completed
495,227,2025-05-13 08:21:38,completed
496,222,2025-05-13 09:30:08,completed
497,102,2025-05-13 13:04:51,completed
498,91,2025-05-13 14:18:47,completed
499,295,2025-05-13 15:49:22,completed
500,154,2025-05-13 17:55:06,cancelled
501,220,2025-05-13 19:28:40,completed
502,98,2025-05-13 21:05:50,completed
503,171,2025-05-14 06:07:10,completed
504,166,2025-05-14 06:09:28,completed
505,125,2025-05-14 09:33:08,completed
506,232,2025-05-14 15:11:11,completed
507,58,2025-05-14 15:46:49,completed
508,161,2025-05-14 17:31:18,cancelled
509,190,2025-05-14 22:31:55,completed
510,243,2025-05-15 07:58:49,completed
511,252,2025-05-16 13:11:12,completed
512,104,2025-05-16 15:38:34,cancelled
513,266,2025-05-16 16:32:56,completed
514,92,2025-05-16 17:52:24,returned
515,24,2025-05-16 18:56:24,completed
516,200,2025-05-17 14:31:04,returned
517,187,2025-05-17 20:51:29,completed
518,82,2025-05-18 14:13:48,completed
519,240,2025-05-18 15:16:35,completed
520,220,2025-05-18 18:46:53,completed
521,2,2025-05-18 23:36:30,cancelled
522,166,2025-05-19 07:47:05,completed
523,238,2025-05-19 09:09:34,completed
524,249,2025-05-19 10:07:19,completed
525,12,2025-05-19 14:11:47,completed
526,18,2025-05-19 23:32:48,completed
527,299,2025-05-20 08:00:59,completed
528,25,2025-05-20 11:45:46,completed
529,65,2025-05-20 17:14:02,cancelled
530,287,2025-05-20 17:57:20,completed
531,127,2025-05-21 08:00:26,completed
532,42,2025-05-21 09:47:54,completed
533,33,2025-05-21 12:00:39,cancelled
534,128,2025-05-22 06:17:35,completed
535,210,2025-05-22 08:16:41,completed
536,236,2025-05-22 09:27:34,completed
537,220,2025-05-22 16:20:52,completed
538,222,2025-05-22 16:41:05,cancelled
539,85,2025-05-23 11:34:20,completed
540,104,2025-05-23 12:15:27,completed
541,220,2025-05-23 12:16:57,cancelled
542,278,2025-05-23 18:29:17,returned
543,160,2025-05-23 20:39:28,completed
544,16,2025-05-24 11:12:14,completed
545,43,2025-05-24 14:18:29,completed
546,207,2025-05-24 14:37:22,completed
547,193,2025-05-24 14:38:36,completed
548,86,2025-05-24 16:33:02,returned
549,265,2025-05-24 23:25:05,completed
550,220,2025-05-25 06:29:55,completed
551,200,2025-05-25 15:26:11,completed
552,10,2025-05-25 21:49:35,completed
553,255,2025-05-25 23:36:23,completed
554,220,2025-05-26 06:37:15,completed
555,283,2025-05-26 14:36:03,completed
556,166,2025-05-26 15:37:12,completed
557,178,2025-05-26 20:11:50,completed
558,258,2025-05-27 07:32:50,completed
559,193,2025-05-27 17:05:44,completed
560,275,2025-05-27 20:56:38,returned
561,180,2025-05-28 06:21:27,completed
562,158,2025-05-28 08:50:30,completed
563,17,2025-05-28 16:31:37,completed
564,230,2025-05-28 21:43:29,returned
565,287,2025-05-28 23:25:32,cancelled
566,293,2025-05-29 07:19:18,completed
567,60,2025-05-29 18:04:34,completed
568,125,2025-05-30 12:32:14,completed
569,300,2025-05-30 12:39:13,completed
570,299,2025-05-30 14:03:23,completed
571,158,2025-05-30 14:55:08,completed
572,5,2025-05-30 18:55:16,completed
573,104,2025-05-30 21:01:48,completed
574,180,2025-05-30 21:55:59,completed
575,42,2025-05-31 14:50:04,completed
576,287,2025-05-31 16:42:10,completed
577,85,2025-05-31 17:52:09,completed
578,14,2025-05-31 20:11:43,completed
579,9,2025-05-31 23:44:31,completed
580,97,2025-06-01 18:49:44,completed
581,122,2025-06-01 20:59:25,cancelled
582,273,2025-06-01 21:00:06,completed
583,252,2025-06-01 22:51:39,completed
584,177,2025-06-01 23:29:41,completed
585,14,2025-06-02 08:11:11,completed
586,88,2025-06-02 09:48:26,cancelled
587,240,2025-06-02 11:03:13,completed
588,63,2025-06-02 23:39:16,completed
589,152,2025-06-03 13:06:30,completed
590,252,2025-06-03 14:58:06,completed
591,252,2025-06-04 14:46:11,completed
592,277,2025-06-04 14:48:45,completed
593,220,2025-06-04 14:59:31,completed
594,24,2025-06-04 19:23:11,returned
595,166,2025-06-04 21:29:29,completed
596,300,2025-06-05 07:26:32,completed
597,111,2025-06-05 08:07:10,completed
598,277,2025-06-05 14:48:50,completed
599,200,2025-06-05 15:31:35,completed
600,207,2025-06-05 17:10:54,completed
601,133,2025-06-05 21:13:42,completed
602,220,2025-06-06 08:24:07,completed
603,154,2025-06-06 12:32:29,completed
604,49,2025-06-06 19:36:20,completed
605,299,2025-06-07 09:02:36,completed
606,186,2025-06-08 10:48:05,completed
607,62,2025-06-08 11:35:02,completed
608,39,2025-06-08 13:07:09,completed
609,77,2025-06-08 13:58:40,completed
610,104,2025-06-08 15:10:46,completed
611,202,2025-06-08 17:34:10,completed
612,229,2025-06-08 19:35:50,completed
613,121,2025-06-08 23:02:22,completed
614,285,2025-06-09 09:09:41,completed
615,104,2025-06-09 22:46:46,completed
616,215,2025-06-10 06:35:15,completed
617,166,2025-06-10 09:25:44,completed
618,168,2025-06-10 10:01:29,completed
619,201,2025-06-10 10:41:11,completed
620,90,2025-06-10 12:31:40,completed
621,186,2025-06-11 07:29:32,returned
622,6,2025-06-11 09:34:47,completed
623,184,2025-06-11 11:40:18,completed
624,63,2025-06-12 06:44:43,completed
625,257,2025-06-12 08:53:19,completed
626,155,2025-06-12 10:44:44,completed
627,146,2025-06-12 20:20:35,completed
628,87,2025-06-13 06:31:32,completed
629,286,2025-06-13 20:44:01,completed
630,239,2025-06-13 22:09:10,completed
631,281,2025-06-13 22:37:03,completed
632,237,2025-06-13 22:48:05,completed
633,34,2025-06-13 23:57:18,completed
634,276,2025-06-14 09:20:23,completed
635,98,2025-06-14 14:42:30,returned
636,220,2025-06-15 13:23:42,completed
637,142,2025-06-15 22:31:59,completed
638,125,2025-06-16 19:07:48,completed
639,124,2025-06-18 08:03:06,completed
640,139,2025-06-18 14:12:21,completed
641,125,2025-06-18 16:07:29,completed
642,284,2025-06-18 22:25:30,returned
643,243,2025-06-19 15:02:46,completed
644,275,2025-06-19 17:08:52,completed
645,6,2025-06-19 18:10:04,completed
646,161,2025-06-20 12:09:24,returned
647,186,2025-06-20 13:06:07,completed
648,252,2025-06-20 17:42:10,completed
649,191,2025-06-20 21:31:11,completed
650,116,2025-06-21 09:59:31,completed
651,95,2025-06-21 13:51:20,completed
652,241,2025-06-21 18:50:51,returned
653,110,2025-06-22 07:35:25,completed
654,230,2025-06-22 10:38:18,completed
655,113,2025-06-22 11:29:07,completed
656,275,2025-06-22 11:45:19,completed
657,63,2025-06-22 13:56:33,completed
658,271,2025-06-22 16:23:16,completed
659,291,2025-06-22 16:56:30,completed
660,104,2025-06-23 11:38:15,completed
661,271,2025-06-23 15:26:50,completed
662,137,2025-06-23 22:32:05,completed
663,205,2025-06-24 09:27:42,completed
664,105,2025-06-24 20:16:13,completed
665,91,2025-06-24 21:24:08,completed
666,178,2025-06-24 22:05:18,completed
667,253,2025-06-25 10:27:19,completed
668,255,2025-06-25 14:26:59,completed
669,268,2025-06-25 21:07:36,completed
670,201,2025-06-25 22:01:55,completed
671,34,2025-06-25 22:53:07,completed
672,232,2025-06-26 11:45:34,completed
673,122,2025-06-26 19:32:06,cancelled
674,281,2025-06-26 21:07:58,completed
675,149,2025-06-27 07:44:54,completed
676,60,2025-06-27 07:59:08,returned
677,83,2025-06-27 22:04:05,completed
678,74,2025-06-28 06:36:33,completed
679,123,2025-06-28 10:08:33,completed
680,247,2025-06-28 16:51:35,completed
681,195,2025-06-29 16:14:06,returned
682,164,2025-06-30 18:37:12,completed
683,166,2025-07-01 11:20:55,completed
684,277,2025-07-01 18:31:32,completed
685,42,2025-07-01 19:26:02,completed
686,40,2025-07-01 21:13:21,returned
687,214,2025-07-01 23:50:41,completed
688,63,2025-07-02 11:04:37,returned
689,186,2025-07-02 20:27:26,completed
690,39,2025-07-03 12:01:15,completed
691,286,2025-07-03 19:50:02,completed
692,30,2025-07-03 21:19:05,completed
693,104,2025-07-03 22:39:47,completed
694,267,2025-07-03 22:59:07,completed
695,22,2025-07-03 23:13:42,completed
696,41,2025-07-04 07:47:30,cancelled
697,140,2025-07-04 17:50:02,completed
698,124,2025-07-05 06:15:56,completed
699,300,2025-07-05 09:51:53,completed
700,10,2025-07-05 23:52:24,completed
701,44,2025-07-07 06:29:29,completed
702,13,2025-07-07 06:33:08,completed
703,98,2025-07-07 12:47:07,cancelled
704,196,2025-07-07 13:05:29,completed
705,93,2025-07-07 16:24:58,completed
706,163,2025-07-08 17:22:10,completed
707,49,2025-07-08 22:37:46,completed
708,254,2025-07-09 08:00:00,completed
709,98,2025-07-09 09:42:08,returned
710,156,2025-07-09 21:44:38,completed
711,158,2025-07-10 22:29:11,completed
712,284,2025-07-11 06:26:02,completed
713,280,2025-07-12 06:35:17,completed
714,270,2025-07-12 07:12:18,completed
715,218,2025-07-12 15:59:20,returned
716,123,2025-07-12 17:55:58,completed
717,218,2025-07-13 09:33:42,returned
718,20,2025-07-13 12:00:40,completed
719,199,2025-07-13 20:51:08,completed
720,287,2025-07-13 23:26:47,completed
721,152,2025-07-14 06:37:51,completed
722,300,2025-07-14 09:52:20,completed
723,38,2025-07-14 18:17:09,completed
724,60,2025-07-14 19:27:43,completed
725,261,2025-07-14 19:40:15,returned
726,121,2025-07-14 23:55:14,completed
727,133,2025-07-15 20:17:59,completed
728,6,2025-07-16 07:53:40,completed
729,177,2025-07-16 07:54:48,completed
730,105,2025-07-16 14:27:57,returned
731,161,2025-07-16 15:48:01,completed
732,88,2025-07-17 07:59:40,returned
733,26,2025-07-17 09:34:55,completed
734,273,2025-07-18 06:44:42,returned
735,249,2025-07-18 10:22:42,completed
736,128,2025-07-18 14:03:20,completed
737,29,2025-07-18 15:31:50,completed
738,186,2025-07-18 22:32:34,completed
739,154,2025-07-18 22:45:06,cancelled
740,286,2025-07-18 23:47:20,completed
741,142,2025-07-19 07:00:16,cancelled
742,39,2025-07-19 07:46:31,completed
743,153,2025-07-19 13:31:11,completed
744,162,2025-07-20 09:23:32,completed
745,59,2025-07-20 12:36:36,completed
746,206,2025-07-20 18:36:30,completed
747,95,2025-07-20 19:22:33,completed
748,149,2025-07-21 08:48:47,completed
749,226,2025-07-21 15:01:24,completed
750,38,2025-07-21 16:57:25,completed
751,203,2025-07-22 13:22:19,completed
752,118,2025-07-22 14:39:53,returned
753,232,2025-07-22 15:49:54,returned
754,192,2025-07-22 16:22:09,completed
755,187,2025-07-22 16:50:22,completed
756,24,2025-07-22 20:12:16,cancelled
757,233,2025-07-22 21:34:00,returned
758,60,2025-07-23 06:31:51,returned
759,227,2025-07-23 19:10:03,completed
760,51,2025-07-23 21:18:16,completed
761,69,2025-07-24 06:37:02,completed
762,175,2025-07-25 08:14:24,completed
763,238,2025-07-25 11:41:31,completed
764,297,2025-07-26 07:25:36,completed
765,213,2025-07-27 17:38:41,completed
766,34,2025-07-27 20:31:32,completed
767,39,2025-07-27 23:27:27,completed
768,55,2025-07-28 16:58:38,completed
769,215,2025-07-30 15:22:26,completed
770,19,2025-07-31 10:44:34,completed
771,140,2025-07-31 15:13:33,completed
772,101,2025-07-31 22:28:26,cancelled
773,32,2025-08-01 07:08:01,returned
774,200,2025-08-01 13:01:07,completed
775,199,2025-08-01 23:40:13,returned
776,60,2025-08-02 13:46:47,completed
777,107,2025-08-02 17:33:48,completed
778,21,2025-08-03 10:06:20,completed
779,181,2025-08-03 10:39:38,completed
780,185,2025-08-03 12:33:40,completed
781,296,2025-08-03 13:14:16,completed
782,76,2025-08-03 14:34:23,completed
783,153,2025-08-03 14:50:44,completed
784,229,2025-08-03 21:16:19,cancelled
785,291,2025-08-04 09:11:41,completed
786,51,2025-08-04 10:46:01,cancelled
787,122,2025-08-04 15:21:07,completed
788,161,2025-08-05 13:51:43,completed
789,61,2025-08-06 08:15:30,completed
790,284,2025-08-06 09:28:31,completed
791,20,2025-08-06 15:53:43,completed
792,113,2025-08-07 07:33:51,completed
793,143,2025-08-07 08:46:04,completed
794,297,2025-08-07 10:03:23,completed
795,153,2025-08-07 10:42:28,returned
796,188,2025-08-07 16:17:46,completed
797,45,2025-08-07 16:56:43,completed
798,63,2025-08-07 21:10:35,completed
799,256,2025-08-08 09:31:12,completed
800,125,2025-08-08 11:28:43,completed
801,97,2025-08-08 12:47:41,completed
802,24,2025-08-08 13:01:01,completed
803,60,2025-08-08 19:13:28,completed
804,66,2025-08-09 08:07:09,completed
805,166,2025-08-09 08:52:25,completed
806,198,2025-08-09 16:50:24,completed
807,249,2025-08-09 20:56:24,returned
808,97,2025-08-09 21:19:44,completed
809,154,2025-08-09 23:05:11,completed
810,252,2025-08-10 13:23:51,completed
811,87,2025-08-10 13:46:28,returned
812,144,2025-08-10 17:59:02,completed
813,69,2025-08-10 21:37:01,completed
814,141,2025-08-11 20:10:27,completed
815,39,2025-08-12 07:12:10,completed
816,47,2025-08-12 16:16:33,returned
817,131,2025-08-12 22:04:54,completed
818,185,2025-08-13 06:18:26,completed
819,220,2025-08-13 22:50:00,completed
820,42,2025-08-14 12:00:40,completed
821,62,2025-08-14 15:44:24,completed
822,160,2025-08-14 21:12:20,completed
823,85,2025-08-15 06:08:33,completed
824,225,2025-08-15 12:46:37,completed
825,50,2025-08-15 17:35:30,completed
826,166,2025-08-15 20:17:12,completed
827,17,2025-08-15 20:29:19,cancelled
828,28,2025-08-16 11:31:08,completed
829,208,2025-08-17 10:11:12,completed
830,222,2025-08-17 11:43:57,completed
831,14,2025-08-17 22:07:24,cancelled
832,199,2025-08-17 23:55:20,completed
833,49,2025-08-18 19:26:54,completed
834,121,2025-08-18 23:24:15,cancelled
835,219,2025-08-19 18:49:12,completed
836,128,2025-08-20 10:26:57,returned
837,236,2025-08-20 14:21:58,completed
838,286,2025-08-20 21:30:47,completed
839,60,2025-08-21 18:24:13,returned
840,133,2025-08-22 13:09:47,completed
841,272,2025-08-22 17:01:35,completed
842,45,2025-08-22 20:38:21,completed
843,145,2025-08-22 23:03:00,returned
844,161,2025-08-23 10:21:11,completed
845,292,2025-08-23 13:24:43,cancelled
846,286,2025-08-23 16:45:27,completed
847,133,2025-08-23 19:59:36,completed
848,94,2025-08-23 23:37:16,completed
849,60,2025-08-24 08:20:54,cancelled
850,73,2025-08-24 09:24:28,completed
851,188,2025-08-24 10:19:47,completed
852,171,2025-08-24 19:53:40,completed
853,145,2025-08-25 06:39:32,completed
854,202,2025-08-25 06:52:29,completed
855,150,2025-08-25 07:42:18,completed
856,166,2025-08-25 08:24:57,completed
857,141,2025-08-25 10:29:53,completed
858,97,2025-08-25 11:03:07,completed
859,239,2025-08-25 11:14:39,completed
860,233,2025-08-25 13:50:00,cancelled
861,35,2025-08-26 16:15:50,returned
862,280,2025-08-26 17:22:40,completed
863,105,2025-08-26 18:54:22,completed
864,198,2025-08-26 23:22:04,completed
865,186,2025-08-27 06:11:28,completed
866,232,2025-08-27 15:29:10,completed
867,128,2025-08-27 20:35:26,completed
868,281,2025-08-28 07:12:06,returned
869,273,2025-08-28 08:33:58,returned
870,172,2025-08-28 13:59:04,cancelled
871,89,2025-08-28 17:56:24,completed
872,4,2025-08-28 19:46:57,completed
873,233,2025-08-28 21:48:30,completed
874,37,2025-08-29 09:11:20,completed
875,123,2025-08-29 11:01:02,completed
876,152,2025-08-30 08:49:38,completed
877,188,2025-08-30 09:55:14,completed
878,230,2025-08-30 10:47:42,completed
879,189,2025-08-30 15:59:02,completed
880,66,2025-08-31 09:47:59,completed
881,75,2025-08-31 16:12:42,completed
882,259,2025-09-01 07:58:51,completed
883,127,2025-09-01 09:33:06,completed
884,82,2025-09-01 11:36:48,returned
885,230,2025-09-01 11:54:31,completed
886,217,2025-09-01 12:20:12,completed
887,118,2025-09-01 14:47:23,completed
888,133,2025-09-01 22:29:42,completed
889,216,2025-09-01 23:49:00,completed
890,12,2025-09-02 12:14:12,completed
891,236,2025-09-02 14:55:43,completed
892,169,2025-09-03 18:29:49,returned
893,145,2025-09-04 09:55:18,completed
894,286,2025-09-04 11:40:28,completed
895,26,2025-09-04 13:54:28,completed
896,214,2025-09-04 17:51:57,completed
897,192,2025-09-04 18:59:31,returned
898,118,2025-09-04 20:27:07,completed
899,90,2025-09-04 22:30:27,returned
900,22,2025-09-05 10:46:56,completed
901,227,2025-09-05 19:41:10,completed
902,158,2025-09-05 22:23:31,completed
903,135,2025-09-06 13:44:04,completed
904,230,2025-09-06 18:03:51,completed
905,100,2025-09-07 09:46:30,completed
906,10,2025-09-07 16:07:06,completed
907,196,2025-09-07 18:25:52,completed
908,69,2025-09-07 19:36:32,completed
909,34,2025-09-07 20:39:23,completed
910,104,2025-09-08 12:00:00,returned
911,262,2025-09-08 12:48:02,cancelled
912,90,2025-09-08 16:10:39,completed
913,293,2025-09-08 17:19:08,completed
914,97,2025-09-09 11:41:47,completed
915,248,2025-09-09 12:39:03,completed
916,142,2025-09-09 17:08:57,completed
917,213,2025-09-09 20:02:59,returned
918,112,2025-09-09 20:20:46,completed
919,249,2025-09-09 21:17:36,completed
920,13,2025-09-09 23:13:24,completed
921,243,2025-09-10 09:38:41,completed
922,167,2025-09-10 11:24:41,completed
923,128,2025-09-10 13:31:32,completed
924,161,2025-09-10 16:54:42,completed
925,72,2025-09-10 18:21:34,completed
926,19,2025-09-10 19:33:40,cancelled
927,13,2025-09-10 20:25:00,completed
928,270,2025-09-10 20:29:52,completed
929,51,2025-09-10 22:48:15,completed
930,96,2025-09-11 06:50:44,completed
931,182,2025-09-11 12:37:33,cancelled
932,195,2025-09-11 13:04:30,returned
933,6,2025-09-11 15:28:03,completed
934,24,2025-09-12 13:58:05,completed
935,231,2025-09-12 15:24:39,completed
936,269,2025-09-12 18:28:48,cancelled
937,73,2025-09-12 21:31:32,completed
938,189,2025-09-12 22:43:08,completed
939,272,2025-09-13 07:31:14,completed
940,279,2025-09-13 12:06:06,returned
941,35,2025-09-13 17:51:20,completed
942,66,2025-09-13 19:18:54,completed
943,289,2025-09-14 18:04:34,completed
944,152,2025-09-14 21:27:51,completed
945,100,2025-09-15 07:08:43,completed
946,272,2025-09-15 11:52:00,cancelled
947,132,2025-09-15 12:12:26,cancelled
948,196,2025-09-15 14:03:32,completed
949,41,2025-09-15 14:57:23,completed
950,29,2025-09-15 23:22:04,cancelled
951,155,2025-09-16 06:24:37,completed
952,260,2025-09-17 12:21:53,completed
953,280,2025-09-17 15:15:32,completed
954,224,2025-09-18 06:13:36,completed
955,1,2025-09-18 06:40:49,completed
956,58,2025-09-18 10:11:49,completed
957,94,2025-09-18 11:01:01,completed
958,135,2025-09-19 07:24:28,completed
959,90,2025-09-19 14:04:36,completed
960,272,2025-09-19 17:00:04,completed
961,51,2025-09-19 18:42:20,completed
962,300,2025-09-20 11:46:10,completed
963,67,2025-09-20 16:57:31,completed
964,172,2025-09-20 18:07:13,completed
965,250,2025-09-20 19:40:39,completed
966,172,2025-09-21 07:47:09,returned
967,277,2025-09-21 13:40:08,completed
968,118,2025-09-21 16:47:31,returned
969,279,2025-09-22 08:37:50,completed
970,62,2025-09-22 18:42:12,completed
971,146,2025-09-22 19:36:50,completed
972,275,2025-09-22 23:44:48,completed
973,178,2025-09-23 07:32:06,completed
974,260,2025-09-23 07:41:08,completed
975,253,2025-09-23 12:55:08,completed
976,12,2025-09-23 13:55:16,completed
977,227,2025-09-23 21:45:01,completed
978,175,2025-09-24 06:12:33,completed
979,278,2025-09-24 07:54:10,completed
980,115,2025-09-24 09:03:10,completed
981,199,2025-09-24 12:13:39,cancelled
982,138,2025-09-25 21:02:11,completed
983,216,2025-09-25 21:36:46,completed
984,59,2025-09-25 22:31:49,completed
985,223,2025-09-26 09:30:43,completed
986,50,2025-09-26 11:32:34,completed
987,4,2025-09-26 20:18:10,completed
988,17,2025-09-27 08:01:55,completed
989,93,2025-09-27 13:02:43,completed
990,60,2025-09-27 17:21:14,completed
991,1,2025-09-28 22:02:20,completed
992,122,2025-09-28 23:04:32,returned
993,273,2025-09-29 14:15:38,completed
994,74,2025-09-30 14:30:49,completed
995,59,2025-10-01 18:39:18,completed
996,207,2025-10-01 22:49:46,returned
997,4,2025-10-01 23:05:13,completed
998,295,2025-10-01 23:29:25,completed
999,69,2025-10-02 06:48:57,completed
1000,12,2025-10-02 12:31:47,completed
1001,34,2025-10-02 21:45:34,completed
1002,203,2025-10-03 09:20:33,completed
1003,28,2025-10-04 09:02:57,completed
1004,271,2025-10-04 15:29:54,completed
1005,246,2025-10-04 21:23:39,completed
1006,255,2025-10-04 21:45:23,completed
1007,187,2025-10-05 07:49:56,completed
1008,228,2025-10-05 11:53:10,completed
1009,264,2025-10-05 15:08:11,completed
1010,9,2025-10-06 12:36:11,completed
1011,75,2025-10-06 12:40:58,completed
1012,252,2025-10-07 10:24:41,returned
1013,291,2025-10-07 15:31:35,cancelled
1014,187,2025-10-07 22:38:42,completed
1015,208,2025-10-08 12:35:03,returned
1016,257,2025-10-08 13:34:24,completed
1017,5,2025-10-08 21:46:26,completed
1018,167,2025-10-08 22:25:22,completed
1019,162,2025-10-09 10:20:29,completed
1020,285,2025-10-09 14:23:45,completed
1021,63,2025-10-10 06:27:41,completed
1022,277,2025-10-10 11:24:38,cancelled
1023,101,2025-10-10 13:42:16,completed
1024,267,2025-10-10 13:59:27,completed
1025,54,2025-10-11 10:36:43,completed
1026,10,2025-10-11 10:39:18,completed
1027,87,2025-10-11 11:10:50,completed
1028,130,2025-10-11 12:08:21,completed
1029,230,2025-10-11 15:32:44,completed
1030,79,2025-10-11 21:41:20,completed
1031,137,2025-10-12 15:08:29,cancelled
1032,229,2025-10-12 17:35:35,completed
1033,233,2025-10-12 19:51:18,completed
1034,62,2025-10-12 20:47:12,completed
1035,130,2025-10-12 23:45:49,completed
1036,21,2025-10-13 06:25:35,cancelled
1037,6,2025-10-14 06:43:17,completed
1038,273,2025-10-14 12:56:27,completed
1039,248,2025-10-14 14:21:33,cancelled
1040,166,2025-10-14 15:25:39,completed
1041,161,2025-10-14 16:08:17,completed
1042,20,2025-10-14 16:43:28,completed
1043,178,2025-10-14 21:19:09,returned
1044,283,2025-10-15 07:16:28,completed
1045,86,2025-10-16 08:39:56,completed
1046,140,2025-10-16 20:32:01,completed
1047,232,2025-10-17 07:09:22,completed
1048,13,2025-10-17 14:23:28,completed
1049,54,2025-10-17 14:28:11,completed
1050,278,2025-10-17 18:44:54,completed
1051,163,2025-10-17 20:11:55,completed
1052,16,2025-10-18 08:11:59,completed
1053,186,2025-10-18 08:23:02,completed
1054,112,2025-10-18 10:13:55,completed
1055,79,2025-10-18 11:45:35,cancelled
1056,129,2025-10-18 15:00:21,completed
1057,273,2025-10-18 18:37:19,completed
1058,293,2025-10-18 20:46:33,completed
1059,203,2025-10-18 22:47:15,completed
1060,26,2025-10-19 07:53:47,completed
1061,80,2025-10-19 08:51:54,completed
1062,151,2025-10-19 12:20:32,completed
1063,158,2025-10-19 16:15:03,completed
1064,56,2025-10-19 16:26:23,completed
1065,300,2025-10-19 16:35:40,completed
1066,220,2025-10-19 16:51:06,completed
1067,43,2025-10-20 16:03:16,completed
1068,69,2025-10-21 07:29:42,completed
1069,186,2025-10-21 13:16:41,returned
1070,259,2025-10-21 18:06:39,cancelled
1071,90,2025-10-21 18:51:14,completed
1072,9,2025-10-21 20:35:18,completed
1073,248,2025-10-22 09:36:46,completed
1074,158,2025-10-22 18:48:56,completed
1075,231,2025-10-22 20:12:13,returned
1076,230,2025-10-23 13:44:47,completed
1077,276,2025-10-23 21:39:21,completed
1078,108,2025-10-24 06:47:16,completed
1079,74,2025-10-24 08:18:38,completed
1080,240,2025-10-24 14:30:53,completed
1081,104,2025-10-24 18:27:54,completed
1082,200,2025-10-24 21:58:44,completed
1083,249,2025-10-24 22:12:31,completed
1084,22,2025-10-25 11:30:08,completed
1085,130,2025-10-25 17:23:11,completed
1086,21,2025-10-25 20:51:20,completed
1087,95,2025-10-25 23:00:44,completed
1088,146,2025-10-26 11:19:25,completed
1089,263,2025-10-26 20:00:12,completed
1090,273,2025-10-26 22:34:42,completed
1091,142,2025-10-26 23:02:37,cancelled
1092,157,2025-10-26 23:05:59,completed
1093,255,2025-10-27 06:36:31,completed
1094,218,2025-10-27 07:12:29,cancelled
1095,66,2025-10-27 08:57:53,returned
1096,273,2025-10-27 17:52:09,completed
1097,166,2025-10-28 07:15:56,completed
1098,16,2025-10-29 06:59:17,completed
1099,230,2025-10-29 09:17:54,cancelled
1100,149,2025-10-29 09:34:00,returned
1101,211,2025-10-29 13:43:34,completed
1102,167,2025-10-29 14:37:34,completed
1103,108,2025-10-29 16:35:03,completed
1104,161,2025-10-30 19:48:15,completed
1105,123,2025-10-31 15:28:40,completed
1106,90,2025-10-31 21:32:51,completed
1107,208,2025-10-31 21:51:54,completed
1108,94,2025-10-31 23:18:13,completed
1109,69,2025-11-01 15:37:05,completed
1110,97,2025-11-01 18:15:02,completed
1111,92,2025-11-02 06:07:29,completed
1112,137,2025-11-02 06:42:15,completed
1113,236,2025-11-02 11:13:11,completed
1114,286,2025-11-02 14:32:04,completed
1115,253,2025-11-02 16:28:34,completed
1116,97,2025-11-03 09:15:25,completed
1117,22,2025-11-03 10:18:55,completed
1118,112,2025-11-03 21:29:40,completed
1119,261,2025-11-03 23:51:17,completed
1120,156,2025-11-04 10:23:49,completed
1121,101,2025-11-04 11:11:54,completed
1122,186,2025-11-04 16:17:24,completed
1123,45,2025-11-04 16:21:13,completed
1124,260,2025-11-04 16:59:43,completed
1125,79,2025-11-04 19:50:40,returned
1126,63,2025-11-04 23:56:29,completed
1127,237,2025-11-05 09:16:39,completed
1128,267,2025-11-05 16:21:53,completed
1129,96,2025-11-05 22:50:26,completed
1130,60,2025-11-06 06:36:50,completed
1131,142,2025-11-06 07:03:21,completed
1132,113,2025-11-06 07:32:22,completed
1133,141,2025-11-06 15:39:58,completed
1134,199,2025-11-06 22:19:53,completed
1135,89,2025-11-06 23:24:11,completed
1136,229,2025-11-06 23:30:11,completed
1137,249,2025-11-07 18:18:41,completed
1138,292,2025-11-07 20:24:43,completed
1139,263,2025-11-08 11:40:31,completed
1140,54,2025-11-08 13:52:06,completed
1141,111,2025-11-08 20:30:55,completed
1142,278,2025-11-08 21:51:26,completed
1143,133,2025-11-09 17:29:09,completed
1144,219,2025-11-09 22:39:58,completed
1145,23,2025-11-10 13:02:29,completed
1146,181,2025-11-10 18:02:25,completed
1147,60,2025-11-10 20:21:50,completed
1148,68,2025-11-10 21:45:42,completed
1149,277,2025-11-11 06:06:47,completed
1150,270,2025-11-11 07:35:24,returned
1151,211,2025-11-11 17:32:19,completed
1152,268,2025-11-11 18:03:40,completed
1153,149,2025-11-11 22:06:18,completed
1154,171,2025-11-11 23:12:05,completed
1155,39,2025-11-12 08:20:38,completed
1156,60,2025-11-12 10:21:36,completed
1157,86,2025-11-12 12:50:43,completed
1158,107,2025-11-13 06:47:14,completed
1159,267,2025-11-13 12:09:06,completed
1160,202,2025-11-13 18:22:53,completed
1161,149,2025-11-13 20:24:25,completed
1162,44,2025-11-13 20:54:36,completed
1163,128,2025-11-13 23:41:50,completed
1164,26,2025-11-14 06:41:57,completed
1165,273,2025-11-14 18:25:45,completed
1166,6,2025-11-15 08:05:35,completed
1167,88,2025-11-15 12:07:59,returned
1168,200,2025-11-15 15:35:31,completed
1169,124,2025-11-15 20:05:38,completed
1170,83,2025-11-15 22:50:43,cancelled
1171,6,2025-11-16 09:24:44,completed
1172,161,2025-11-16 12:34:03,returned
1173,138,2025-11-16 21:36:38,completed
1174,68,2025-11-17 07:52:14,completed
1175,275,2025-11-17 08:07:52,completed
1176,233,2025-11-17 10:22:18,completed
1177,39,2025-11-17 14:08:01,returned
1178,59,2025-11-17 15:22:20,cancelled
1179,5,2025-11-17 20:04:23,completed
1180,215,2025-11-17 21:39:05,completed
1181,261,2025-11-17 22:48:51,completed
1182,13,2025-11-17 23:59:47,completed
1183,140,2025-11-18 10:12:21,completed
1184,20,2025-11-18 10:55:33,completed
1185,11,2025-11-18 11:49:05,completed
1186,224,2025-11-18 14:53:01,completed
1187,92,2025-11-18 17:12:05,completed
1188,83,2025-11-18 18:48:02,completed
1189,159,2025-11-19 08:09:13,cancelled
1190,200,2025-11-19 20:14:01,completed
1191,133,2025-11-19 23:51:39,completed
1192,1,2025-11-20 13:47:41,completed
1193,265,2025-11-20 16:23:18,completed
1194,236,2025-11-20 20:39:51,completed
1195,220,2025-11-21 14:48:00,completed
1196,208,2025-11-21 15:44:47,completed
1197,55,2025-11-21 21:39:41,completed
1198,258,2025-11-21 22:55:23,cancelled
1199,190,2025-11-22 11:36:35,completed
1200,211,2025-11-22 12:21:46,completed
1201,256,2025-11-22 12:44:59,completed
1202,272,2025-11-22 18:13:25,completed
1203,17,2025-11-23 10:57:50,completed
1204,219,2025-11-23 20:41:13,cancelled
1205,83,2025-11-24 10:57:36,cancelled
1206,300,2025-11-24 12:29:14,completed
1207,240,2025-11-24 17:35:35,completed
1208,198,2025-11-24 22:40:29,completed
1209,48,2025-11-25 11:18:43,completed
1210,178,2025-11-25 22:40:41,completed
1211,26,2025-11-26 07:44:58,completed
1212,230,2025-11-26 12:31:18,completed
1213,142,2025-11-26 13:30:58,completed
1214,168,2025-11-26 16:02:05,completed
1215,186,2025-11-27 08:22:57,completed
1216,255,2025-11-27 09:37:30,completed
1217,281,2025-11-27 14:02:04,completed
1218,5,2025-11-27 21:40:27,completed
1219,277,2025-11-27 21:43:01,completed
1220,178,2025-11-28 20:27:05,completed
1221,204,2025-11-29 08:18:52,completed
1222,284,2025-11-29 10:58:36,cancelled
1223,248,2025-11-29 15:30:08,completed
1224,47,2025-11-29 17:59:08,completed
1225,270,2025-11-29 18:46:20,completed
1226,83,2025-11-30 11:27:03,completed
1227,74,2025-11-30 12:00:45,completed
1228,179,2025-11-30 14:35:16,completed
1229,158,2025-11-30 16:45:23,completed
1230,37,2025-12-01 10:46:01,completed
1231,213,2025-12-01 13:12:43,completed
1232,13,2025-12-01 13:13:54,completed
1233,22,2025-12-02 12:35:24,completed
1234,110,2025-12-02 15:50:25,completed
1235,146,2025-12-02 16:34:44,completed
1236,220,2025-12-02 21:48:21,returned
1237,240,2025-12-03 09:28:47,completed
1238,118,2025-12-03 10:03:14,completed
1239,149,2025-12-03 15:48:59,completed
1240,133,2025-12-03 15:54:27,completed
1241,107,2025-12-03 16:00:25,completed
1242,117,2025-12-03 21:59:32,cancelled
1243,178,2025-12-04 07:35:04,completed
1244,158,2025-12-04 08:10:32,completed
1245,145,2025-12-04 15:03:23,completed
1246,67,2025-12-04 18:01:14,completed
1247,1,2025-12-04 18:03:19,completed
1248,139,2025-12-05 12:40:22,completed
1249,91,2025-12-05 12:52:18,completed
1250,168,2025-12-05 14:35:04,completed
1251,75,2025-12-05 23:54:03,returned
1252,98,2025-12-05 23:54:27,completed
1253,273,2025-12-06 06:10:52,completed
1254,162,2025-12-06 10:22:10,completed
1255,261,2025-12-06 19:12:54,completed
1256,288,2025-12-06 19:39:11,completed
1257,291,2025-12-06 20:28:22,completed
1258,40,2025-12-07 19:19:50,completed
1259,210,2025-12-07 21:07:56,completed
1260,270,2025-12-08 07:33:06,completed
1261,141,2025-12-08 07:44:33,completed
1262,9,2025-12-08 10:16:57,completed
1263,26,2025-12-08 14:56:50,completed
1264,254,2025-12-08 18:49:10,completed
1265,286,2025-12-08 19:59:53,completed
1266,252,2025-12-09 06:53:43,completed
1267,238,2025-12-09 19:13:39,completed
1268,223,2025-12-09 19:51:21,completed
1269,192,2025-12-09 23:45:02,completed
1270,228,2025-12-10 12:37:00,completed
1271,233,2025-12-10 15:00:49,completed
1272,104,2025-12-10 17:31:25,completed
1273,218,2025-12-11 12:30:24,completed
1274,2,2025-12-11 15:56:45,returned
1275,77,2025-12-11 23:47:38,completed
1276,101,2025-12-12 06:08:46,completed
1277,78,2025-12-12 08:54:31,completed
1278,19,2025-12-12 13:51:05,completed
1279,17,2025-12-12 16:41:41,completed
1280,202,2025-12-13 06:03:59,completed
1281,151,2025-12-13 08:13:42,completed
1282,98,2025-12-13 09:18:05,completed
1283,21,2025-12-13 09:48:48,completed
1284,65,2025-12-13 13:48:31,completed
1285,234,2025-12-13 19:23:24,completed
1286,283,2025-12-13 20:16:14,cancelled
1287,4,2025-12-13 20:47:26,completed
1288,49,2025-12-13 21:25:31,completed
1289,93,2025-12-13 23:46:18,completed
1290,135,2025-12-14 19:10:56,completed
1291,259,2025-12-14 19:14:55,cancelled
1292,247,2025-12-14 22:25:50,completed
1293,78,2025-12-15 21:47:41,completed
1294,72,2025-12-16 06:36:40,completed
1295,255,2025-12-16 08:09:46,completed
1296,172,2025-12-16 10:00:11,completed
1297,136,2025-12-16 17:05:33,completed
1298,109,2025-12-16 19:12:52,completed
1299,49,2025-12-16 21:14:45,completed
1300,220,2025-12-17 07:22:55,completed
1301,114,2025-12-17 07:35:59,completed
1302,215,2025-12-17 13:11:39,completed
1303,149,2025-12-17 16:01:24,completed
1304,6,2025-12-17 22:41:42,completed
1305,25,2025-12-18 08:16:20,completed
1306,186,2025-12-18 08:50:17,cancelled
1307,20,2025-12-18 15:38:12,completed
1308,140,2025-12-18 21:57:32,completed
1309,91,2025-12-19 06:18:16,cancelled
1310,124,2025-12-19 19:11:10,completed
1311,167,2025-12-20 08:33:16,completed
1312,279,2025-12-20 10:51:02,completed
1313,166,2025-12-20 11:26:15,completed
1314,5,2025-12-20 20:44:59,completed
1315,228,2025-12-22 09:22:05,completed
1316,53,2025-12-22 09:44:13,returned
1317,270,2025-12-22 18:39:47,completed
1318,66,2025-12-22 19:12:54,completed
1319,97,2025-12-22 20:44:30,completed
1320,100,2025-12-23 15:30:57,returned
1321,190,2025-12-23 16:14:56,cancelled
1322,83,2025-12-23 17:01:28,completed
1323,251,2025-12-23 20:57:37,completed
1324,171,2025-12-24 08:08:08,completed
1325,62,2025-12-24 09:40:44,completed
1326,2,2025-12-24 18:31:48,completed
1327,295,2025-12-25 09:20:35,completed
1328,224,2025-12-25 16:51:58,cancelled
1329,284,2025-12-26 13:20:27,completed
1330,224,2025-12-26 15:36:46,completed
1331,200,2025-12-26 15:53:37,completed
1332,6,2025-12-26 23:13:28,completed
1333,191,2025-12-27 10:43:54,completed
1334,250,2025-12-27 16:41:18,completed
1335,86,2025-12-27 16:47:59,completed
1336,194,2025-12-27 18:40:59,completed
1337,292,2025-12-27 19:00:18,completed
1338,178,2025-12-27 22:27:26,completed
1339,21,2025-12-27 23:45:52,completed
1340,42,2025-12-28 12:44:18,completed
1341,190,2025-12-28 15:38:10,completed
1342,61,2025-12-28 22:05:33,completed
1343,98,2025-12-29 09:05:21,completed
1344,29,2025-12-29 16:33:14,completed
1345,290,2025-12-29 18:11:44,completed
1346,107,2025-12-29 19:04:58,completed
1347,272,2025-12-30 11:06:29,completed
1348,19,2025-12-30 11:37:38,completed
1349,118,2025-12-30 21:55:53,completed
1350,257,2025-12-30 23:47:56,completed
1351,208,2025-12-31 09:50:26,completed
1352,290,2025-12-31 16:50:55,cancelled
1353,142,2025-12-31 17:38:42,completed
1354,76,2025-12-31 22:24:46,completed
1355,173,2026-01-01 08:30:56,completed
1356,167,2026-01-01 14:53:47,completed
1357,75,2026-01-01 15:23:00,completed
1358,157,2026-01-01 20:39:22,completed
1359,60,2026-01-02 09:21:36,completed
1360,155,2026-01-02 12:13:34,completed
1361,49,2026-01-02 18:03:21,returned
1362,89,2026-01-02 21:57:42,completed
1363,55,2026-01-03 21:22:28,completed
1364,240,2026-01-03 22:34:46,completed
1365,16,2026-01-04 19:14:47,completed
1366,284,2026-01-04 22:02:27,completed
1367,17,2026-01-04 22:53:35,completed
1368,241,2026-01-04 23:09:07,completed
1369,124,2026-01-05 10:03:41,cancelled
1370,295,2026-01-05 10:32:06,completed
1371,18,2026-01-05 10:57:38,completed
1372,69,2026-01-05 16:24:06,completed
1373,20,2026-01-05 17:55:02,completed
1374,30,2026-01-05 18:57:54,completed
1375,180,2026-01-05 20:05:51,cancelled
1376,292,2026-01-06 10:33:55,returned
1377,171,2026-01-06 10:41:15,cancelled
1378,12,2026-01-06 12:15:47,completed
1379,19,2026-01-06 23:19:58,cancelled
1380,34,2026-01-07 18:57:11,completed
1381,80,2026-01-08 07:18:01,completed
1382,295,2026-01-08 08:50:19,completed
1383,162,2026-01-09 07:17:23,returned
1384,7,2026-01-09 22:15:15,completed
1385,74,2026-01-10 13:58:54,completed
1386,98,2026-01-10 18:58:45,completed
1387,223,2026-01-10 21:30:13,completed
1388,210,2026-01-11 06:55:43,completed
1389,146,2026-01-11 08:47:59,completed
1390,243,2026-01-11 18:05:49,completed
1391,189,2026-01-11 22:07:00,completed
1392,275,2026-01-12 06:47:52,completed
1393,139,2026-01-12 10:02:44,completed
1394,232,2026-01-12 10:10:15,completed
1395,53,2026-01-12 19:07:07,completed
1396,198,2026-01-13 15:36:28,returned
1397,49,2026-01-13 21:47:37,completed
1398,299,2026-01-13 22:39:44,completed
1399,228,2026-01-13 22:52:17,completed
1400,288,2026-01-14 08:08:41,completed
1401,171,2026-01-14 10:47:44,completed
1402,223,2026-01-14 11:41:53,completed
1403,220,2026-01-14 18:38:33,completed
1404,90,2026-01-15 09:37:21,completed
1405,166,2026-01-15 12:19:27,completed
1406,273,2026-01-15 18:59:27,completed
1407,163,2026-01-15 21:37:35,completed
1408,92,2026-01-16 06:48:17,completed
1409,273,2026-01-16 10:16:38,completed
1410,197,2026-01-16 18:00:02,completed
1411,270,2026-01-16 22:48:40,completed
1412,21,2026-01-16 23:11:25,completed
1413,26,2026-01-17 13:16:35,completed
1414,257,2026-01-18 09:06:46,completed
1415,238,2026-01-18 09:58:28,completed
1416,16,2026-01-18 12:48:13,cancelled
1417,196,2026-01-18 13:35:41,completed
1418,104,2026-01-18 20:19:29,completed
1419,188,2026-01-18 20:49:52,returned
1420,6,2026-01-19 06:03:49,completed
1421,63,2026-01-19 10:16:59,returned
1422,66,2026-01-19 11:00:43,completed
1423,124,2026-01-19 15:21:58,completed
1424,228,2026-01-19 22:49:36,completed
1425,298,2026-01-20 07:54:18,completed
1426,69,2026-01-20 09:21:10,cancelled
1427,228,2026-01-20 11:26:58,completed
1428,91,2026-01-20 12:26:11,completed
1429,107,2026-01-21 13:03:17,returned
1430,115,2026-01-21 14:48:52,completed
1431,140,2026-01-22 12:58:05,completed
1432,161,2026-01-24 13:59:46,completed
1433,277,2026-01-24 14:09:49,completed
1434,172,2026-01-24 23:09:47,cancelled
1435,25,2026-01-25 23:08:25,cancelled
1436,202,2026-01-25 23:28:02,cancelled
1437,223,2026-01-26 09:42:14,completed
1438,220,2026-01-26 09:55:40,completed
1439,269,2026-01-26 13:09:03,completed
1440,180,2026-01-26 23:38:20,cancelled
1441,275,2026-01-27 09:14:08,completed
1442,187,2026-01-27 09:45:03,completed
1443,34,2026-01-27 20:05:05,completed
1444,265,2026-01-28 06:07:42,completed
1445,194,2026-01-28 09:43:01,completed
1446,6,2026-01-28 11:13:45,completed
1447,183,2026-01-28 14:49:34,completed
1448,133,2026-01-28 19:20:55,completed
1449,110,2026-01-28 22:27:49,returned
1450,53,2026-01-29 11:35:23,completed
1451,23,2026-01-29 12:53:03,completed
1452,6,2026-01-29 14:07:45,completed
1453,69,2026-01-29 19:22:22,completed
1454,15,2026-01-29 21:54:31,completed
1455,104,2026-01-30 10:35:46,completed
1456,191,2026-01-30 12:07:50,completed
1457,100,2026-01-30 20:21:44,completed
1458,285,2026-01-30 21:46:55,completed
1459,99,2026-01-30 23:30:41,completed
1460,203,2026-01-30 23:54:38,completed
1461,151,2026-01-31 08:06:10,completed
1462,21,2026-02-01 11:00:35,returned
1463,45,2026-02-01 12:39:32,completed
1464,164,2026-02-01 14:49:25,cancelled
1465,273,2026-02-01 19:48:56,completed
1466,235,2026-02-02 09:30:04,completed
1467,298,2026-02-02 13:29:18,completed
1468,175,2026-02-02 18:08:06,completed
1469,113,2026-02-02 18:55:43,cancelled
1470,256,2026-02-02 19:18:10,completed
1471,296,2026-02-02 20:22:09,completed
1472,53,2026-02-03 09:38:54,completed
1473,176,2026-02-03 14:59:11,completed
1474,75,2026-02-03 22:37:42,cancelled
1475,60,2026-02-03 23:48:29,cancelled
1476,206,2026-02-04 14:44:28,completed
1477,32,2026-02-04 15:36:15,completed
1478,85,2026-02-04 17:06:34,completed
1479,178,2026-02-04 22:27:18,completed
1480,151,2026-02-04 23:34:00,completed
1481,164,2026-02-05 08:58:05,completed
1482,20,2026-02-05 09:46:24,completed
1483,151,2026-02-06 12:55:43,completed
1484,109,2026-02-06 14:20:58,completed
1485,279,2026-02-07 14:22:26,completed
1486,107,2026-02-07 19:34:28,returned
1487,166,2026-02-08 11:44:36,completed
1488,230,2026-02-09 07:59:55,completed
1489,217,2026-02-09 14:09:10,completed
1490,56,2026-02-09 14:16:54,completed
1491,134,2026-02-09 19:20:00,completed
1492,94,2026-02-09 22:07:46,cancelled
1493,265,2026-02-09 22:30:35,completed
1494,219,2026-02-09 23:39:50,completed
1495,180,2026-02-10 14:05:07,completed
1496,224,2026-02-10 16:24:40,completed
1497,104,2026-02-10 21:04:21,completed
1498,263,2026-02-10 22:18:12,completed
1499,215,2026-02-11 09:39:23,completed
1500,48,2026-02-11 12:17:48,returned
1501,205,2026-02-12 07:00:41,completed
1502,189,2026-02-12 08:21:29,cancelled
1503,166,2026-02-12 11:57:39,completed
1504,23,2026-02-12 12:17:23,completed
1505,67,2026-02-12 12:46:01,completed
1506,37,2026-02-12 14:09:49,completed
1507,220,2026-02-13 11:05:18,returned
1508,91,2026-02-13 19:50:09,completed
1509,61,2026-02-14 08:43:40,completed
1510,287,2026-02-14 11:50:11,completed
1511,154,2026-02-14 18:14:24,completed
1512,97,2026-02-15 10:24:27,completed
1513,53,2026-02-16 09:23:19,cancelled
1514,280,2026-02-16 14:51:03,completed
1515,85,2026-02-16 15:23:49,completed
1516,83,2026-02-16 16:20:25,completed
1517,125,2026-02-16 21:48:23,completed
1518,74,2026-02-16 23:26:16,completed
1519,20,2026-02-17 08:22:27,completed
1520,169,2026-02-17 13:46:43,returned
1521,293,2026-02-17 15:10:04,completed
1522,118,2026-02-17 20:03:12,completed
1523,158,2026-02-18 12:54:34,completed
1524,169,2026-02-18 14:21:17,completed
1525,292,2026-02-18 18:30:16,completed
1526,26,2026-02-19 10:23:30,completed
1527,241,2026-02-19 23:18:40,completed
1528,45,2026-02-20 06:38:30,completed
1529,62,2026-02-20 08:50:34,completed
1530,172,2026-02-20 09:29:39,completed
1531,57,2026-02-20 09:55:50,completed
1532,230,2026-02-21 12:54:46,completed
1533,138,2026-02-21 14:24:41,completed
1534,161,2026-02-21 19:41:52,completed
1535,94,2026-02-22 08:32:35,completed
1536,224,2026-02-22 16:35:34,completed
1537,125,2026-02-22 21:23:44,completed
1538,168,2026-02-23 08:03:11,completed
1539,206,2026-02-23 13:48:21,completed
1540,92,2026-02-23 17:59:12,completed
1541,234,2026-02-23 22:25:12,completed
1542,155,2026-02-23 23:30:39,completed
1543,133,2026-02-24 07:33:12,completed
1544,191,2026-02-24 12:17:03,completed
1545,297,2026-02-24 15:15:06,completed
1546,216,2026-02-24 16:26:22,completed
1547,268,2026-02-24 16:43:19,completed
1548,19,2026-02-25 17:30:34,completed
1549,98,2026-02-25 18:41:41,completed
1550,75,2026-02-25 19:22:12,completed
1551,180,2026-02-26 15:09:11,completed
1552,265,2026-02-27 12:48:39,completed
1553,60,2026-02-27 22:37:50,completed
1554,124,2026-02-27 23:52:52,completed
1555,262,2026-03-01 09:17:09,completed
1556,100,2026-03-01 10:51:36,completed
1557,26,2026-03-01 17:52:19,completed
1558,127,2026-03-02 15:16:12,cancelled
1559,249,2026-03-02 15:57:43,completed
1560,97,2026-03-02 22:41:21,completed
1561,104,2026-03-03 12:09:58,cancelled
1562,98,2026-03-03 14:14:46,completed
1563,19,2026-03-03 20:40:47,completed
1564,68,2026-03-03 23:13:41,completed
1565,134,2026-03-04 11:50:17,completed
1566,13,2026-03-04 16:01:49,cancelled
1567,225,2026-03-04 21:21:22,completed
1568,248,2026-03-04 22:05:30,cancelled
1569,186,2026-03-04 23:12:21,completed
1570,255,2026-03-06 07:02:36,completed
1571,6,2026-03-06 10:20:42,completed
1572,166,2026-03-06 12:08:55,completed
1573,96,2026-03-06 14:33:29,completed
1574,296,2026-03-07 15:05:36,completed
1575,55,2026-03-07 17:28:44,completed
1576,12,2026-03-08 13:53:39,cancelled
1577,76,2026-03-08 20:00:49,completed
1578,240,2026-03-08 21:08:57,completed
1579,96,2026-03-09 09:26:09,completed
1580,2,2026-03-09 09:36:43,cancelled
1581,296,2026-03-09 10:16:23,completed
1582,200,2026-03-09 15:40:53,completed
1583,92,2026-03-09 20:00:14,completed
1584,68,2026-03-10 20:21:35,returned
1585,222,2026-03-10 23:48:58,completed
1586,44,2026-03-11 08:01:30,completed
1587,287,2026-03-11 17:43:29,completed
1588,275,2026-03-11 21:22:19,completed
1589,280,2026-03-12 11:01:22,completed
1590,32,2026-03-12 12:34:22,completed
1591,228,2026-03-12 12:55:18,completed
1592,261,2026-03-12 18:53:24,completed
1593,69,2026-03-14 13:15:15,completed
1594,285,2026-03-14 17:21:52,completed
1595,45,2026-03-14 20:17:15,completed
1596,150,2026-03-15 21:37:10,completed
1597,65,2026-03-16 13:04:16,completed
1598,273,2026-03-16 14:44:19,completed
1599,162,2026-03-16 19:40:58,completed
1600,58,2026-03-16 20:18:40,completed
1601,205,2026-03-16 23:57:39,completed
1602,43,2026-03-17 07:24:24,completed
1603,272,2026-03-17 09:09:18,completed
1604,70,2026-03-17 09:50:18,completed
1605,220,2026-03-17 10:01:38,completed
1606,65,2026-03-17 12:33:58,cancelled
1607,91,2026-03-17 20:05:00,completed
1608,200,2026-03-18 06:09:16,completed
1609,202,2026-03-18 13:34:27,cancelled
1610,290,2026-03-18 20:30:14,completed
1611,49,2026-03-19 06:06:40,completed
1612,23,2026-03-19 06:11:12,returned
1613,161,2026-03-19 09:19:15,cancelled
1614,210,2026-03-19 18:49:22,completed
1615,90,2026-03-20 08:53:54,completed
1616,296,2026-03-20 10:06:02,completed
1617,57,2026-03-20 16:45:02,completed
1618,145,2026-03-20 17:05:37,completed
1619,180,2026-03-20 18:37:02,completed
1620,287,2026-03-20 19:56:06,completed
1621,267,2026-03-20 22:16:31,completed
1622,38,2026-03-21 06:32:45,completed
1623,186,2026-03-21 08:18:53,completed
1624,109,2026-03-21 19:05:43,completed
1625,176,2026-03-22 06:56:46,completed
1626,30,2026-03-22 07:32:36,completed
1627,90,2026-03-22 08:45:54,completed
1628,84,2026-03-22 16:58:51,completed
1629,78,2026-03-22 20:20:07,completed
1630,149,2026-03-23 08:22:59,completed
1631,298,2026-03-23 09:52:11,completed
1632,192,2026-03-23 11:34:19,completed
1633,213,2026-03-24 06:49:19,completed
1634,110,2026-03-24 08:30:36,completed
1635,262,2026-03-24 19:10:44,completed
1636,180,2026-03-25 14:50:13,completed
1637,205,2026-03-25 16:33:33,completed
1638,230,2026-03-25 18:21:27,returned
1639,113,2026-03-25 19:30:34,completed
1640,125,2026-03-26 09:11:53,completed
1641,272,2026-03-26 12:15:30,completed
1642,216,2026-03-27 07:44:59,completed
1643,34,2026-03-27 08:12:57,completed
1644,60,2026-03-27 10:19:47,completed
1645,259,2026-03-27 19:04:06,cancelled
1646,156,2026-03-28 10:44:34,completed
1647,97,2026-03-28 12:13:51,completed
1648,162,2026-03-28 17:03:18,returned
1649,254,2026-03-29 06:56:31,completed
1650,5,2026-03-29 10:30:13,completed
1651,186,2026-03-30 12:43:21,completed
1652,75,2026-03-30 21:44:44,completed
1653,139,2026-03-31 07:17:08,completed
1654,49,2026-03-31 07:33:01,completed
1655,117,2026-03-31 11:44:37,completed
1656,75,2026-03-31 12:50:04,cancelled
1657,156,2026-03-31 16:59:48,cancelled
1658,252,2026-04-01 12:19:29,completed
1659,159,2026-04-02 18:05:00,completed
1660,236,2026-04-02 20:48:42,completed
1661,273,2026-04-03 08:41:45,cancelled
1662,124,2026-04-03 12:03:11,completed
1663,114,2026-04-03 20:42:37,completed
1664,183,2026-04-04 09:23:45,completed
1665,112,2026-04-04 10:01:05,completed
1666,230,2026-04-04 11:01:35,completed
1667,198,2026-04-04 12:11:52,completed
1668,22,2026-04-04 18:24:27,completed
1669,26,2026-04-04 21:43:15,completed
1670,69,2026-04-05 06:34:20,completed
1671,284,2026-04-05 07:30:46,completed
1672,102,2026-04-05 09:31:38,completed
1673,146,2026-04-05 09:52:28,completed
1674,210,2026-04-05 10:30:58,completed
1675,230,2026-04-05 21:22:48,cancelled
1676,24,2026-04-06 10:05:23,completed
1677,176,2026-04-06 11:39:42,completed
1678,104,2026-04-06 15:24:35,completed
1679,110,2026-04-08 10:08:21,completed
1680,115,2026-04-08 11:13:36,completed
1681,277,2026-04-08 14:31:31,completed
1682,231,2026-04-09 10:56:37,completed
1683,67,2026-04-09 17:48:12,completed
1684,150,2026-04-10 14:03:40,completed
1685,142,2026-04-10 15:25:42,cancelled
1686,159,2026-04-10 15:30:55,completed
1687,164,2026-04-11 06:10:05,returned
1688,231,2026-04-11 07:05:13,returned
1689,76,2026-04-11 08:33:09,completed
1690,161,2026-04-11 20:24:32,completed
1691,162,2026-04-11 21:44:52,completed
1692,161,2026-04-12 06:14:01,completed
1693,158,2026-04-12 07:48:39,cancelled
1694,18,2026-04-12 09:05:30,completed
1695,272,2026-04-12 13:29:39,completed
1696,66,2026-04-12 21:43:23,completed
1697,171,2026-04-13 06:44:12,completed
1698,230,2026-04-13 07:38:20,completed
1699,39,2026-04-13 14:42:35,cancelled
1700,105,2026-04-13 20:19:43,completed
1701,249,2026-04-14 12:10:24,completed
1702,166,2026-04-14 22:45:43,completed
1703,223,2026-04-15 13:04:32,completed
1704,255,2026-04-15 13:45:32,completed
1705,60,2026-04-15 18:48:49,completed
1706,18,2026-04-16 07:56:50,completed
1707,43,2026-04-16 14:49:27,completed
1708,57,2026-04-16 15:45:54,completed
1709,258,2026-04-16 19:47:31,completed
1710,47,2026-04-16 21:31:51,completed
1711,122,2026-04-17 06:16:11,returned
1712,143,2026-04-17 12:16:46,cancelled
1713,63,2026-04-17 14:12:54,completed
1714,13,2026-04-18 07:18:38,completed
1715,124,2026-04-18 07:42:36,completed
1716,104,2026-04-18 14:55:50,completed
1717,105,2026-04-18 22:52:39,completed
1718,285,2026-04-19 06:15:53,completed
1719,42,2026-04-19 15:19:32,completed
1720,285,2026-04-20 11:46:18,completed
1721,88,2026-04-20 18:13:29,completed
1722,144,2026-04-20 23:11:29,cancelled
1723,116,2026-04-21 10:21:47,completed
1724,229,2026-04-21 17:49:45,returned
1725,210,2026-04-21 19:28:02,completed
1726,193,2026-04-21 21:08:32,completed
1727,275,2026-04-22 09:26:29,completed
1728,216,2026-04-22 21:29:32,completed
1729,263,2026-04-23 07:49:52,completed
1730,178,2026-04-23 10:43:57,completed
1731,106,2026-04-23 11:48:32,completed
1732,264,2026-04-23 13:42:37,completed
1733,18,2026-04-23 19:33:26,completed
1734,128,2026-04-23 22:24:07,completed
1735,272,2026-04-24 16:51:47,completed
1736,164,2026-04-24 17:42:25,completed
1737,153,2026-04-24 17:51:11,completed
1738,270,2026-04-25 07:56:15,completed
1739,35,2026-04-25 10:36:36,completed
1740,69,2026-04-25 19:22:03,completed
1741,256,2026-04-26 06:00:42,cancelled
1742,171,2026-04-26 15:49:29,completed
1743,154,2026-04-26 16:31:55,completed
1744,20,2026-04-26 18:47:39,cancelled
1745,180,2026-04-26 22:20:24,completed
1746,279,2026-04-27 20:11:15,completed
1747,10,2026-04-27 22:42:04,completed
1748,279,2026-04-28 07:08:19,completed
1749,10,2026-04-28 07:53:08,completed
1750,109,2026-04-28 10:53:38,completed
1751,77,2026-04-28 17:48:37,completed
1752,73,2026-04-29 07:27:56,completed
1753,221,2026-04-30 07:38:03,completed
1754,72,2026-04-30 07:42:56,cancelled
1755,32,2026-04-30 10:45:51,completed
1756,73,2026-04-30 14:34:21,completed
1757,161,2026-04-30 21:04:21,completed
1758,22,2026-05-01 08:41:01,completed
1759,131,2026-05-01 14:16:08,completed
1760,72,2026-05-01 15:35:41,completed
1761,259,2026-05-02 06:29:24,completed
1762,152,2026-05-02 16:53:16,cancelled
1763,287,2026-05-02 23:38:28,returned
1764,203,2026-05-03 10:45:24,completed
1765,86,2026-05-03 23:36:50,completed
1766,162,2026-05-04 06:54:16,completed
1767,111,2026-05-04 13:33:45,completed
1768,85,2026-05-04 15:17:43,completed
1769,134,2026-05-05 15:12:23,returned
1770,149,2026-05-05 15:38:05,completed
1771,104,2026-05-05 18:24:10,completed
1772,176,2026-05-05 21:10:14,completed
1773,285,2026-05-05 22:10:05,cancelled
1774,250,2026-05-06 08:05:10,cancelled
1775,252,2026-05-06 09:21:59,completed
1776,178,2026-05-06 15:53:15,completed
1777,161,2026-05-06 16:41:50,completed
1778,219,2026-05-06 16:58:22,completed
1779,286,2026-05-06 17:26:38,cancelled
1780,99,2026-05-06 18:49:37,completed
1781,21,2026-05-07 19:19:36,cancelled
1782,86,2026-05-08 07:32:58,completed
1783,95,2026-05-08 08:25:43,completed
1784,13,2026-05-08 15:00:19,completed
1785,39,2026-05-08 15:55:04,completed
1786,28,2026-05-08 23:33:23,completed
1787,82,2026-05-09 07:00:28,returned
1788,104,2026-05-09 11:16:24,completed
1789,273,2026-05-09 11:53:27,completed
1790,202,2026-05-10 12:37:53,cancelled
1791,174,2026-05-10 14:14:23,completed
1792,158,2026-05-10 18:40:58,completed
1793,135,2026-05-10 19:31:56,completed
1794,160,2026-05-11 09:18:17,completed
1795,169,2026-05-11 12:33:21,completed
1796,135,2026-05-12 06:16:13,completed
1797,200,2026-05-12 07:52:52,completed
1798,85,2026-05-12 09:38:48,completed
1799,63,2026-05-12 14:36:32,completed
1800,257,2026-05-12 19:52:23,completed
1801,6,2026-05-12 20:24:21,completed
1802,51,2026-05-13 07:51:54,returned
1803,116,2026-05-13 08:15:22,completed
1804,215,2026-05-13 12:07:33,completed
1805,250,2026-05-13 18:54:58,completed
1806,291,2026-05-14 10:43:46,completed
1807,273,2026-05-14 11:00:07,completed
1808,111,2026-05-14 15:20:36,returned
1809,21,2026-05-14 23:50:51,completed
1810,93,2026-05-15 09:24:16,cancelled
1811,286,2026-05-16 09:52:10,completed
1812,249,2026-05-16 21:51:27,completed
1813,172,2026-05-16 22:29:43,completed
1814,17,2026-05-17 16:26:37,completed
1815,87,2026-05-17 20:02:06,completed
1816,258,2026-05-17 20:13:58,completed
1817,39,2026-05-18 11:41:54,completed
1818,261,2026-05-18 14:18:41,completed
1819,62,2026-05-18 17:31:05,completed
1820,25,2026-05-18 19:20:28,completed
1821,100,2026-05-19 06:25:39,completed
1822,201,2026-05-19 06:30:58,returned
1823,43,2026-05-19 08:17:49,cancelled
1824,62,2026-05-19 13:31:24,completed
1825,55,2026-05-19 13:32:14,completed
1826,178,2026-05-19 14:22:16,completed
1827,34,2026-05-20 08:23:22,completed
1828,92,2026-05-20 08:34:01,completed
1829,167,2026-05-20 09:45:33,completed
1830,186,2026-05-20 17:14:37,completed
1831,203,2026-05-21 06:29:21,completed
1832,161,2026-05-21 12:41:02,completed
1833,279,2026-05-21 12:57:36,cancelled
1834,21,2026-05-21 22:31:04,completed
1835,75,2026-05-22 15:38:21,returned
1836,133,2026-05-22 22:55:11,completed
1837,126,2026-05-23 09:42:33,completed
1838,21,2026-05-23 11:24:30,completed
1839,208,2026-05-23 11:38:31,returned
1840,97,2026-05-24 09:43:50,returned
1841,60,2026-05-24 12:27:49,completed
1842,220,2026-05-24 14:04:21,returned
1843,56,2026-05-24 23:27:36,completed
1844,257,2026-05-25 07:52:39,completed
1845,64,2026-05-25 13:06:18,completed
1846,51,2026-05-25 15:12:09,completed
1847,263,2026-05-25 15:45:38,completed
1848,171,2026-05-25 18:51:19,returned
1849,60,2026-05-25 20:54:35,completed
1850,43,2026-05-26 08:40:29,returned
1851,287,2026-05-26 09:49:40,completed
1852,37,2026-05-26 11:20:04,cancelled
1853,208,2026-05-26 11:39:13,completed
1854,253,2026-05-26 13:26:15,completed
1855,267,2026-05-26 22:42:53,completed
1856,171,2026-05-27 06:12:07,returned
1857,21,2026-05-27 09:02:08,completed
1858,222,2026-05-27 14:46:51,completed
1859,161,2026-05-27 16:21:15,completed
1860,288,2026-05-27 19:55:29,completed
1861,58,2026-05-28 07:26:19,completed
1862,247,2026-05-28 11:06:13,completed
1863,2,2026-05-28 11:31:27,completed
1864,166,2026-05-28 15:41:56,completed
1865,20,2026-05-28 16:01:40,completed
1866,35,2026-05-28 19:10:00,completed
1867,124,2026-05-28 23:17:39,completed
1868,217,2026-05-28 23:20:49,completed
1869,98,2026-05-28 23:40:46,completed
1870,241,2026-05-29 18:34:35,completed
1871,219,2026-05-29 20:44:22,completed
1872,20,2026-05-29 21:50:05,completed
1873,297,2026-05-29 23:53:31,completed
1874,126,2026-05-30 09:35:16,completed
1875,79,2026-05-30 16:08:10,completed
1876,235,2026-05-30 17:35:41,completed
1877,154,2026-05-31 14:03:29,completed
1878,98,2026-05-31 16:57:24,completed
1879,230,2026-05-31 20:20:09,completed
1880,133,2026-05-31 23:11:56,completed
1881,72,2026-06-01 20:47:17,cancelled
1882,8,2026-06-03 13:35:03,completed
1883,72,2026-06-03 19:24:14,returned
1884,21,2026-06-04 13:01:37,completed
1885,298,2026-06-04 14:29:03,completed
1886,300,2026-06-04 23:25:27,completed
1887,205,2026-06-05 13:30:22,completed
1888,87,2026-06-05 16:26:12,completed
1889,135,2026-06-05 17:16:50,completed
1890,21,2026-06-06 08:45:58,completed
1891,207,2026-06-06 13:32:36,cancelled
1892,64,2026-06-06 16:31:28,completed
1893,234,2026-06-06 17:00:18,completed
1894,114,2026-06-07 06:33:47,completed
1895,144,2026-06-07 08:49:19,completed
1896,267,2026-06-07 11:13:17,completed
1897,127,2026-06-07 12:38:40,completed
1898,92,2026-06-07 15:51:45,completed
1899,50,2026-06-07 19:43:47,completed
1900,91,2026-06-08 13:39:28,completed
1901,276,2026-06-08 17:11:31,returned
1902,208,2026-06-08 21:19:15,returned
1903,164,2026-06-08 23:18:46,returned
1904,166,2026-06-09 09:08:34,completed
1905,90,2026-06-09 15:23:27,completed
1906,130,2026-06-09 23:45:04,completed
1907,279,2026-06-10 06:38:45,completed
1908,157,2026-06-10 08:27:25,completed
1909,178,2026-06-10 10:59:31,completed
1910,293,2026-06-10 13:14:44,completed
1911,6,2026-06-10 13:45:28,completed
1912,69,2026-06-10 17:51:47,completed
1913,127,2026-06-11 07:01:39,completed
1914,187,2026-06-11 10:54:44,completed
1915,109,2026-06-11 12:08:02,completed
1916,195,2026-06-11 12:24:57,completed
1917,201,2026-06-11 14:41:26,completed
1918,234,2026-06-11 17:25:09,completed
1919,205,2026-06-11 18:09:53,completed
1920,128,2026-06-12 09:15:48,completed
1921,210,2026-06-12 16:00:45,completed
1922,230,2026-06-12 16:09:52,completed
1923,73,2026-06-12 16:54:24,completed
1924,107,2026-06-13 12:21:05,returned
1925,300,2026-06-13 16:00:24,cancelled
1926,229,2026-06-13 18:47:08,completed
1927,34,2026-06-13 19:17:03,returned
1928,145,2026-06-13 23:52:22,completed
1929,251,2026-06-14 06:30:07,completed
1930,219,2026-06-14 10:44:25,completed
1931,112,2026-06-14 14:38:42,completed
1932,145,2026-06-14 18:54:08,completed
1933,169,2026-06-15 17:54:27,completed
1934,262,2026-06-16 17:35:10,completed
1935,60,2026-06-16 20:40:57,completed
1936,231,2026-06-17 06:48:09,completed
1937,213,2026-06-17 17:12:20,completed
1938,175,2026-06-17 20:38:37,completed
1939,39,2026-06-18 06:03:55,completed
1940,178,2026-06-18 09:29:42,completed
1941,162,2026-06-18 11:37:03,returned
1942,67,2026-06-18 11:58:58,completed
1943,20,2026-06-18 13:38:31,completed
1944,50,2026-06-18 16:45:07,completed
1945,66,2026-06-18 21:43:06,completed
1946,260,2026-06-18 21:58:30,completed
1947,142,2026-06-18 22:39:24,completed
1948,281,2026-06-19 09:04:01,returned
1949,270,2026-06-19 23:33:41,returned
1950,24,2026-06-19 23:41:39,returned
1951,226,2026-06-20 07:10:54,completed
1952,273,2026-06-20 13:15:30,returned
1953,276,2026-06-20 19:13:26,completed
1954,37,2026-06-20 19:19:28,completed
1955,166,2026-06-20 21:10:38,completed
1956,47,2026-06-20 21:33:46,completed
1957,9,2026-06-20 23:22:20,cancelled
1958,41,2026-06-21 06:21:52,completed
1959,156,2026-06-21 09:08:31,completed
1960,127,2026-06-21 09:45:07,completed
1961,90,2026-06-21 12:22:50,completed
1962,126,2026-06-21 14:39:38,completed
1963,121,2026-06-21 15:44:42,completed
1964,296,2026-06-21 18:36:58,completed
1965,171,2026-06-22 10:30:27,cancelled
1966,272,2026-06-23 06:40:14,completed
1967,142,2026-06-23 08:06:35,completed
1968,199,2026-06-23 10:26:38,returned
1969,44,2026-06-23 12:08:22,completed
1970,259,2026-06-23 20:03:19,completed
1971,6,2026-06-24 10:30:52,returned
1972,264,2026-06-24 11:24:19,completed
1973,281,2026-06-24 12:37:57,completed
1974,146,2026-06-24 21:07:37,returned
1975,158,2026-06-24 22:44:30,completed
1976,154,2026-06-26 06:04:24,completed
1977,289,2026-06-26 07:17:49,completed
1978,273,2026-06-26 07:58:52,completed
1979,161,2026-06-26 13:32:37,completed
1980,97,2026-06-26 15:57:09,completed
1981,8,2026-06-26 19:48:37,completed
1982,92,2026-06-26 20:43:07,completed
1983,104,2026-06-26 21:28:27,completed
1984,220,2026-06-26 21:31:43,completed
1985,164,2026-06-27 07:23:15,returned
1986,6,2026-06-27 07:57:43,returned
1987,74,2026-06-27 09:27:08,completed
1988,45,2026-06-27 14:56:27,cancelled
1989,290,2026-06-27 20:19:43,completed
1990,7,2026-06-27 23:12:31,completed
1991,98,2026-06-28 16:55:14,completed
1992,26,2026-06-28 18:00:58,completed
1993,20,2026-06-28 22:02:08,completed
1994,97,2026-06-29 11:59:03,completed
1995,54,2026-06-29 14:51:15,completed
1996,237,2026-06-29 21:35:03,completed
1997,256,2026-06-29 22:12:22,completed
1998,219,2026-06-29 23:55:19,completed
1999,84,2026-06-30 07:11:38,cancelled
2000,22,2026-06-30 17:53:26,completed
